L3	A2O.1	A2O.72	A2O.116	A2O.95	A2O.43	A2O.131	A2O.83	A2O.98	A2O.85	AO.7	A2O.3	A2O.126	AO.76	AO.50	AO.84	A2O.122	AO.32	A2O.11	A2O.97	AO.10	AO.9	A2O.14	A2O.133	AO.25	AO.99	A2O.71	A2O.26	A2O.88	A2O.92	A2O.105	AO.94	A2O.103	AO.46	AO.28	AO.72	A2O.89	AO.34	A2O.73	A2O.148	A2O.156	AO.71	AO.20	AO.78	AO.1	A2O.112	A2O.107	A2O.140	AO.63	AO.35	A2O.77	A2O.134	A2O.82	A2O.4	AO.5	AO.68	A2O.47	AO.69	A2O.21	A2O.125	AO.73	A2O.49	A2O.123	A2O.132	AO.65	A2O.29	A2O.84	A2O.19	A2O.58	AO.15	A2O.8	A2O.28	AO.90	A2O.50	AO.95	AO.16	A2O.67	AO.54	A2O.13	A2O.158	A2O.65	AO.74	A2O.90	A2O.20	A2O.147	A2O.127	A2O.78	AO.33	AO.53	A2O.157	A2O.33	A2O.119	A2O.22	A2O.15	A2O.34	A2O.155	AO.97	A2O.44	AO.17	A2O.70	AO.82	AO.75	AO.83	A2O.76	A2O.159	A2O.113	A2O.81	AO.85	A2O.114	A2O.117	A2O.128	A2O.27	A2O.120	AO.14	AO.27	A2O.54	A2O.124	A2O.118	A2O.45	A2O.102	AO.92	AO.64	AO.2	A2O.144	A2O.151	A2O.51	A2O.130	AO.89	A2O.69	A2O.136	A2O.61	AO.26	A2O.106	AO.39	A2O.53	A2O.48	A2O.6	AO.86	A2O.93	A2O.18	A2O.40	AO.57	A2O.142	AO.38	AO.77	AO.12	A2O.56	A2O.35	A2O.12	AO.67	A2O.17	AO.36	AO.18	A2O.91	AO.3	A2O.68	AO.59	A2O.129	AO.43	A2O.32	A2O.86	A2O.108	A2O.57	AO.49	AO.40	A2O.52	A2O.16	A2O.135	AO.22	A2O.99	A2O.36	AO.91	A2O.111	AO.24	A2O.100	AO.61	AO.62	A2O.94	AO.58	A2O.38	A2O.143	AO.56	A2O.139	A2O.30	A2O.9	A2O.24	A2O.31	A2O.46	A2O.74	A2O.42	A2O.25	AO.23	AO.29	AO.41	A2O.138	AO.80	A2O.146	A2O.41	AO.8	AO.79	AO.93	AO.51	AO.21	A2O.145	A2O.79	A2O.149	A2O.121	AO.13	A2O.104	A2O.5	A2O.39	A2O.62	A2O.60	A2O.109	AO.42	A2O.115	AO.55	A2O.66	A2O.152	A2O.101	AO.44	AO.52	AO.30	AO.88	AO.45	A2O.137	A2O.7	AO.4	A2O.87	A2O.96	AO.66	A2O.64	A2O.80	A2O.75	A2O.23	AO.87	AO.6	AO.48	A2O.55	AO.81	AO.11	A2O.10	A2O.110	A2O.63	AO.60	A2O.37	A2O.141	A2O.2	AO.19	AO.98	A2O.59	A2O.153	A2O.150	AO.37	AO.70	AO.96	AO.31	A2O.154
Arginine and proline metabolism	0.016741136	0.032214515	0.027042273	0.013431465	0	0	0.005499902	0.022967437	0	0.027396082	0.023130434	0.028288705	0.019576313	0.020605804	0	0.006964595	0.00540406	0.020820092	0.006720727	0.027151479	0.007053726	0.01758353	0.028980461	0.024885153	0.026744511	0.015357766	0.023459912	0.021682128	0.030864386	0.007227508	0.017021638	0.017690284	0.017292318	0.019535412	0.031814165	0.023358711	0.007223365	0.015314718	0.020859295	0.035346314	0.032586755	0.025948141	0	0	0.014518605	0.023200339	0.025085576	0.022160236	0	0.019650129	0.021964721	0.019679538	0.019739951	0.031505198	0.02753482	0.032561589	0.008915021	0.026977682	0.026402308	0.030479552	0.027719933	0.021212141	0.016558408	0.035700635	0.027752977	0.026174226	0.009477693	0.03163009	0.025035084	0.01872954	0.019749096	0.031370722	0.010370592	0.024554659	0.022769049	0.033410398	0.042053267	0.028215572	0.024955962	0.033301794	0.02099329	0.00927294	0	0	0.028286725	0.019477763	0	0.018443128	0	0.007180896	0.02727429	0	0.019925605	0.030787112	0.034943257	0.02986309	0.019152463	0.018503792	0.029394851	0.0301151	0.023212086	0.015624009	0	0.019417443	0.030551737	0.022273546	0.011614455	0.020146558	0.031936897	0.015419613	0.006445902	0.008919091	0.031243933	0	0	0.014397199	0.037792808	0	0.026975529	0.03009133	0.031151195	0.027931834	0.011374598	0.015696216	0.034646086	0.026622849	0	0.027798395	0	0	0.022755282	0.025406459	0.009053388	0.033324676	0.021672375	0	0.021131604	0.01896349	0.038911593	0.026912903	0.031290473	0.031878558	0	0.027179656	0.04376315	0.022615992	0.017197717	0.03052125	0.020308768	0.006493739	0	0.020166592	0.014790376	0.014390007	0.018400507	0.027650789	0.021031646	0.022337217	0.018275409	0.029736443	0.024204894	0.017229457	0.021659017	0.018304861	0.023904653	0.019381716	0.01632279	0.018523397	0.018124104	0.014437584	0.005991068	0.01767714	0.01603662	0.019594212	0.014616594	0	0	0	0	0.006483307	0.008264083	0.00911577	0	0.032516253	0.023370384	0.023961776	0.016411186	0.01548979	0.010411463	0.006415538	0	0.032854209	0.0072934	0.028163005	0.022059187	0.017011316	0.031730682	0.033670034	0.033195705	0.01391094	0.013919008	0.042258997	0.035143696	0.028653561	0	0.024630116	0.028304513	0.018623663	0.026566623	0.041213446	0.018300985	0.006721733	0.019659194	0.020727362	0.004789247	0	0.016185179	0.01743938	0.024673818	0	0.051730883	0.007128612	0.03064537	0	0	0	0	0.015874966	0.03973722	0.027378296	0	0.036677379	0.016699542	0	0.026962451	0.006205182	0.032527231	0.030785886	0.018388926	0.007513417	0	0	0	0	0.006285188	0	0	0.017362726	0.014857819	0.027558992	0.020573556	0	0.016401685	0	0	0.032353042	0
Aromatic amino acid metabolism	0.008370568	0.012885806	0.020839917	0.018567025	0.023490762	0.02385075	0.013749754	0.021326905	0.029732432	0.019924423	0.036283033	0.016973223	0.013050875	0.033961417	0.012845511	0.032501443	0.013510149	0.017845793	0.014561574	0.029982783	0.015283073	0.029632959	0.021400956	0.013272082	0.029533377	0.017551733	0.00547398	0.024735948	0.02116415	0.021682523	0.004255409	0.010886329	0.033102436	0.028110914	0.042418887	0.0118077	0.01444673	0.031358708	0.02190226	0.006426603	0.024396501	0.022834364	0.023971794	0.012439078	0.025165581	0.014032463	0.030678607	0.005540059	0.026125333	0.016842968	0.034452072	0.003610924	0.011843971	0.018903119	0.025500227	0.022793112	0	0.029790863	0.032402832	0.019172621	0.025671662	0.009191928	0.027569749	0.039667372	0.021558116	0.017798474	0.028433078	0.02228966	0.025160888	0.019723353	0.019343292	0.023486102	0.026667236	0.021046851	0.005692262	0.036782089	0.008410653	0.026630428	0.013638836	0.027592915	0.018397966	0.027818821	0.018424482	0.017692778	0.028286725	0.015481027	0.02609449	0.040534347	0.024417061	0.014361791	0.04010925	0.017807221	0.003985121	0.02880794	0.017805481	0.022971607	0.01603462	0.016229239	0.023570065	0.023165461	0.012573213	0	0.013542968	0.011041291	0.024441389	0.029698062	0.005807228	0.017124574	0.02918893	0.021026744	0.039964589	0.028541092	0.048818646	0.016738625	0.02512599	0.021595799	0.030234246	0.009068004	0.022254812	0.009361747	0.009691483	0.015235546	0.022749196	0.016677229	0.025303321	0.01618225	0.01942412	0.016679037	0.021371025	0.015090137	0.017698552	0.02117205	0.01923845	0.020533127	0.010543318	0.020705594	0.009202473	0.022603803	0.031129275	0.01676923	0.017111977	0.055787476	0.0199342	0.03053894	0.021655992	0.026889059	0.011465145	0.024417	0.015231576	0.040261183	0.0283374	0.01575515	0.00986025	0.017268008	0.004600127	0.022034223	0.009968955	0.009727498	0.017622716	0.005718547	0.011346044	0.026459524	0.02660965	0.019612351	0.008948266	0.029072573	0.023195544	0.021500372	0.025755306	0.012833408	0.005991068	0.032468216	0.03207324	0.027641835	0.006264255	0.027652347	0.029871108	0.028594519	0.02886258	0.012966614	0.038565722	0.010938924	0.028173267	0.031820187	0.024538904	0.024049871	0.022565381	0.023234684	0.031234388	0.006415538	0.032380143	0.016427105	0.015628714	0.018346186	0.023356786	0.028352193	0.025384546	0.044893378	0.023236994	0.00927396	0.009279338	0.03404197	0.030670862	0.038404325	0.030237735	0.010988377	0.034430116	0.018623663	0.03453661	0.032970757	0.006820243	0.013443466	0.025978221	0.028592655	0.014367742	0.013382579	0.007274238	0.013079535	0.02027985	0	0.035564982	0.028514448	0.01869887	0	0	0	0	0.04082134	0.01324574	0.021902637	0	0.029341903	0.022266056	0	0.021569961	0.006205182	0.019847124	0.014366747	0.036777852	0.02254025	0.105355575	0	0	0	0.006285188	0.016786682	0.016845089	0.047747496	0.011143364	0.011603786	0.01714463	0.007216529	0.016401685	0	0	0	0
Aromatics degradation	0	0	0	0	0	0	0	0	0	0	0	0	0	0.004006684	0.006422756	0	0	0	0.006720727	0	0	0.009890736	0.006019019	0	0	0	0.005630379	0	0.010582075	0	0.004255409	0	0.006916927	0	0	0	0	0	0	0	0	0	0	0	0	0	0.00465163	0	0	0.009825065	0.007118197	0.003610924	0	0	0	0	0	0	0	0	0	0.009090918	0.014074646	0	0	0	0	0	0	0.003745908	0.00486964	0	0	0	0.005692262	0	0	0	0	0	0	0	0	0	0	0	0	0	0	0	0	0.006677708	0.003985121	0	0	0	0	0	0	0	0	0	0	0	0	0	0	0	0	0	0	0	0	0	0	0	0	0	0	0	0	0	0	0.008284114	0	0	0	0	0	0	0	0	0	0	0.003514439	0	0	0	0	0	0	0	0	0	0	0.005836385	0	0	0	0	0	0	0	0.011512005	0	0	0	0	0.003916159	0	0	0	0	0.00392247	0	0	0	0.004630849	0	0.006416704	0.005991068	0	0	0.004898553	0	0	0	0	0	0	0.008264083	0	0	0.005966285	0	0.00369998	0	0	0	0.006415538	0	0	0.0072934	0	0	0.008505658	0	0	0	0.00463698	0.004639669	0	0	0	0	0.004845269	0	0.004655916	0	0	0.003410121	0	0	0	0.009578494	0	0.003637119	0.005813127	0.005069963	0	0	0	0	0	0	0	0	0	0	0	0	0	0	0	0	0.006205182	0	0	0	0	0	0	0	0	0.006285188	0	0	0	0	0	0	0	0	0	0	0	0
ATP synthesis	0.035873862	0.040474646	0.028117349	0.019383448	0.030390146	0.04293135	0.02933281	0.026795343	0.029191842	0.025384481	0.047621481	0.032868781	0.02610175	0.033080828	0.034584069	0.035878216	0.016212179	0.02850751	0.034292938	0.025832624	0.035992088	0.024177354	0.030318021	0.021567133	0.025445424	0.038859802	0.02706913	0.025096855	0.030784219	0.049295309	0.023404752	0.005443164	0.020750781	0.034113766	0.031814165	0.028030453	0.042784547	0.034032707	0.024967944	0.039947178	0.030495627	0.040053284	0.023971794	0.037955135	0.032604815	0.023093425	0.01860652	0.028254301	0.040929689	0.018700013	0.031320066	0.015647339	0.025482482	0.038256312	0.030383249	0.032561589	0.042197765	0.025667269	0.024463677	0.029496341	0.031065442	0.03194059	0.028811629	0.052889829	0.013876488	0.040402267	0.069503079	0.033434491	0.010064355	0.021405189	0.020519081	0.035229153	0.031244732	0.03790232	0.020579717	0.036596321	0.02523196	0.023777167	0.017679973	0.042182272	0.02562258	0.021704794	0.036190948	0.050129536	0.028286725	0.014342716	0.049703791	0.034048851	0.030269083	0.035352102	0.049468075	0.044518052	0.021918165	0.032681703	0.021329483	0.022971607	0.010689747	0.010327698	0.039241761	0.023165461	0.032883788	0.040796023	0.036635465	0.037634109	0.016585228	0.039597416	0.029036138	0.024447074	0.031717424	0.030371964	0.036526775	0.052919941	0.031243933	0.025107938	0.040412432	0.029694223	0.04244423	0.03022668	0.023378792	0.025106504	0.025990795	0.062281572	0.032745054	0.015696216	0.044378132	0.02313883	0.039829256	0.034053034	0.035024735	0.042755387	0.020648311	0.033950446	0.025419129	0.016232469	0.015409464	0.040574598	0.019191481	0.023388304	0.035918394	0.023390926	0.029470628	0.034535104	0.040271111	0.034610798	0.010827996	0.02826999	0.031146976	0.032352525	0.013539179	0.036797856	0.041812527	0.051169033	0.02834822	0.027599295	0.027326943	0.034895828	0.019140393	0.015630509	0.028668293	0.022874187	0.018432957	0.034762639	0.030322624	0.030323712	0.025566474	0.02180443	0.030927392	0.021919354	0.034340408	0.017500101	0.036231696	0.040044133	0.04276432	0.024819335	0.035497443	0.040801715	0.044364781	0.042191913	0.042587444	0.037170959	0.044075111	0.030385901	0.042024338	0.031820187	0.024461002	0.02068194	0.030718374	0.032528558	0.04164585	0.036354713	0.044656131	0.042827809	0.021880199	0.027458929	0.031142382	0.034022631	0.03596144	0.022446689	0.040664739	0.025325044	0.025339732	0.02289029	0.038928402	0.020870056	0.050396226	0.0221498	0.023787489	0.035307361	0.028090024	0.021293614	0.026843776	0.03877923	0.047635739	0.050954764	0.028981086	0.029976978	0.028630654	0.025190215	0.033019756	0.026642984	0.032331802	0.040395468	0.033402254	0.058900994	0.043478261	0.0234916	0.041056833	0.034395759	0.042648372	0.03148504	0.018615371	0.044012855	0.03168631	0	0.031006819	0.037526577	0.035453409	0.030785886	0.036777852	0.040071556	0.065847234	0.028142589	0.021829522	0	0.033820295	0.029758209	0.038603328	0.03761924	0.028477486	0.029838307	0.027431408	0.048591293	0.046129739	0	0.025690885	0	0
beta-Lactam biosynthesis	0	0	0	0	0	0	0	0	0	0	0	0	0	0	0	0	0	0	0	0	0	0	0	0	0	0	0	0	0	0	0	0	0	0	0	0	0	0	0	0	0	0	0	0	0	0	0	0	0	0	0	0	0	0	0	0	0	0	0	0	0	0	0	0	0	0	0	0	0	0	0	0	0	0	0	0	0	0	0	0	0	0	0	0	0	0	0	0	0	0	0	0	0	0	0	0	0	0	0	0	0	0	0	0	0	0	0	0	0	0	0	0	0	0	0	0	0	0	0	0	0	0	0	0	0	0	0	0	0	0	0	0	0	0	0	0	0	0	0	0	0	0	0	0	0	0	0	0	0	0	0	0	0	0	0	0	0	0	0	0	0	0	0	0	0	0	0	0	0	0	0	0	0	0	0	0	0	0	0	0	0	0	0	0	0	0	0	0	0	0	0	0	0	0	0	0	0	0	0	0	0	0	0	0	0	0	0	0	0	0	0	0	0	0	0	0	0	0	0	0	0	0	0	0	0	0	0	0	0	0	0	0	0	0	0	0	0	0	0	0	0	0	0	0	0	0	0	0	0	0	0	0	0	0	0	0	0
Biosynthesis of other secondary metabolites	0	0	0	0	0	0	0	0	0	0	0	0	0	0	0	0	0	0	0	0	0	0	0	0	0	0	0	0	0	0	0	0	0	0	0	0	0	0	0	0	0	0	0	0	0	0	0	0	0	0	0	0	0	0	0	0	0	0	0	0	0	0	0	0	0	0	0	0	0	0	0	0	0	0	0	0	0	0	0	0	0	0	0	0	0	0	0	0	0	0	0	0	0	0	0	0	0	0	0	0	0	0	0	0	0	0	0	0	0	0	0	0	0	0	0	0	0	0	0	0	0	0	0	0	0	0	0	0	0	0	0	0	0	0	0	0	0	0	0	0	0	0	0	0	0	0	0	0	0	0	0	0	0	0	0	0	0	0	0	0	0	0	0	0	0	0	0	0	0	0	0	0	0	0	0	0	0	0	0	0	0	0	0	0	0	0	0	0	0	0	0	0	0	0	0	0	0	0	0	0	0	0	0	0	0	0	0	0	0	0	0	0	0	0	0	0	0	0	0	0	0	0	0	0	0	0	0	0	0	0	0	0	0	0	0	0	0	0	0	0	0	0	0	0	0	0	0	0	0	0	0	0	0	0	0	0	0
Branched-chain amino acid metabolism	0.030134044	0.029959499	0.066737354	0.029654568	0.006406571	0	0.016499705	0.014928834	0.030903709	0	0	0.02970314	0.041110257	0.032276066	0.028902401	0	0.016212179	0.023457304	0.008960969	0.032015514	0.007053726	0.028073705	0.033171482	0.030028085	0.03153564	0.032635253	0.026978899	0.048163117	0.027777947	0	0.007801584	0.029937404	0.03051832	0.015226745	0.017674536	0.014913638	0	0.037049242	0.038502783	0.019279808	0.061194557	0.020758512	0.006537762	0.031719648	0.026214147	0.02686749	0.02043898	0.014404154	0.010450133	0.026593175	0.019041176	0.013841877	0.007237982	0.02751454	0.021363222	0.026049271	0.028230899	0.031810582	0	0.027529918	0.021506845	0.025808105	0.03929862	0.007933474	0.030961915	0.020939381	0.009477693	0.064082774	0.03493769	0.022796526	0.046207473	0.058910972	0.032321678	0.019643728	0.021820338	0.009195522	0.04766037	0.045018104	0.050999922	0.030970668	0.026053211	0.040955486	0.010528276	0	0.043844423	0.033643409	0.007455569	0.037359156	0.008323998	0	0	0.006677708	0.011291176	0.024629689	0.027471314	0.036754572	0.0218249	0.021085716	0.039825282	0.037064738	0.040137565	0.019964011	0.006771484	0.018732121	0.054687608	0.050734189	0.019357426	0.054194242	0.038747647	0.05922533	0.033411256	0.015608409	0.015621967	0.010461641	0.015075594	0.014397199	0.032123887	0.009068004	0.033000064	0.037446989	0.037150684	0.053959225	0.012796423	0.056440976	0.012976062	0.034883244	0.00971206	0.043365497	0.011872792	0.007545068	0.041654807	0.044787028	0.057262681	0.040266462	0.024249631	0.011503108	0.036196392	0.020543781	0.033074854	0.034305054	0.043857364	0.009563567	0.0099671	0.043874277	0.065509376	0.036404451	0.028662862	0.059821651	0.044566464	0.029654743	0.007728382	0.0238638	0.024650626	0.034440082	0.015333756	0.022639084	0.024404001	0.035667492	0.010182014	0.037783255	0.027775115	0.039484173	0.039852592	0.014709263	0.012271907	0.035613902	0.007731848	0.042295091	0.008585102	0.019250111	0.01497767	0.039394768	0.046105282	0.042943981	0.039673612	0.007541549	0.010339999	0.007798505	0.007871613	0	0.011018778	0	0.007349548	0.007955047	0.032952242	0.025838194	0.055524513	0.042209676	0.020822925	0	0.012142553	0.01026694	0.012155666	0.038724131	0.03373758	0	0.02697108	0.044893378	0.006639141	0.01777509	0.017785399	0.064948054	0.026837004	0.05243174	0.040316981	0.019381075	0.032275594	0.020951621	0.033812066	0.038328505	0.013981498	0.00806608	0.040000999	0.042836547	0.019156989	0.010706064	0.014184764	0.031003342	0.030854344	0	0.021554534	0.015445326	0.027425009	0	0	0	0	0.031749931	0.02649148	0.054665331	0	0.012225793	0.056963993	0	0.053835027	0.015512955	0.019847124	0.007183373	0.012259284	0.01352415	0	0	0	0	0.014141672	0	0.023863876	0.017362726	0.022286728	0.032393902	0.008229422	0	0.010251053	0	0	0.050326954	0
Carbon fixation	0.041852839	0.025771612	0.041526252	0.037110109	0.063442853	0.051279113	0.027499509	0.022967437	0.050004544	0.025471564	0.040818412	0.054691496	0.030887071	0.051252167	0.06700102	0.029947758	0.02221669	0.036910286	0.047605146	0.041219269	0.044085787	0.034342833	0.040126792	0.05524109	0.040601442	0.049364248	0.036999633	0.037284376	0.03139349	0.056873603	0.029787866	0.016329493	0.045786464	0.040242112	0.026511804	0.032086141	0.060495683	0.041624618	0.043978348	0.040166266	0.042693877	0.052679813	0.057477825	0.032228519	0.06252288	0.050686959	0.047549996	0.026776952	0.0235128	0.028224731	0.05095612	0.014443698	0.023687941	0.065285772	0.035320527	0.045586225	0.05571888	0.040955424	0.047095025	0.035395609	0.034410951	0.046109624	0.043994415	0.068095655	0.053296453	0.05656541	0.056866156	0.039471274	0.015096533	0.033850777	0.026970314	0.041100678	0.048396096	0.056071287	0.030087672	0.056705721	0.016821307	0.036780842	0.030089954	0.044529255	0.041941723	0.027818821	0.02368862	0.035385555	0.058287796	0.029911306	0.063993631	0.028810566	0.051793765	0.062234429	0.04010925	0.055647565	0.031880968	0.036944534	0.037465701	0.054168078	0.039357704	0.051351608	0.045277552	0.054625194	0.036559035	0.048786137	0.04965755	0.037311949	0.024441389	0.039597416	0.029036138	0.021321774	0.040128205	0.021026744	0.038187083	0.017838182	0.041398212	0.034872136	0.057865917	0.038392531	0.062148173	0.027204012	0.045164743	0.040144064	0.038523644	0.029926965	0.034123793	0.029648408	0.023356912	0.043247459	0.045538771	0.048289784	0.044325088	0.055330501	0.044098893	0.044686561	0.027160165	0.032423529	0.05035271	0.032592138	0.016359951	0.047961826	0.063987953	0.043718638	0.042825213	0.023908918	0.046882285	0.050898233	0.016241994	0.035383084	0.047580351	0.036625501	0.039263619	0.038470485	0.0566748	0.073888976	0.040920039	0.008634004	0.040086818	0.038019835	0.027161129	0.017293329	0.035245431	0.057433024	0.030875647	0.040697493	0.034987643	0.025776233	0.024447941	0.02604418	0.020618261	0.038866057	0.022893606	0.032083519	0.011982136	0.031385942	0.03207324	0.040762959	0.012528509	0.055304695	0.058071104	0.057189039	0.057725161	0.079567856	0.02479225	0.037602552	0.053896685	0.050464828	0.045908642	0.035687723	0.030543041	0.024108467	0.062468775	0.085540502	0.058689009	0.071705616	0.029902939	0.041188394	0.010380794	0.048198728	0.038605663	0.033670034	0.047027249	0.025657956	0.025672836	0.057225725	0.043961569	0.052816638	0.050396226	0.029556139	0.05618657	0.019288794	0.039994844	0.016485379	0.021597435	0.063856465	0.04973308	0.053274254	0.019156989	0.032118191	0.02286189	0.042277284	0.045774519	0.026642984	0.039606457	0.048236941	0.041760809	0.058900994	0.07826087	0.0234916	0.082113667	0.031749931	0.061498079	0.032853955	0.018615371	0.04547995	0.033399084	0.097156844	0.032354941	0.012410364	0.044325243	0.053362202	0.038616744	0.044579606	0	0.028142589	0.112266112	0.089185343	0.025926398	0.016786682	0.071123708	0.017362726	0.022286728	0.029009465	0.020573556	0.045923364	0.024602528	0	0	0.052381115	0.027470869
Central carbohydrate metabolism	0.050223407	0.091734665	0.087418766	0.050219953	0.081107379	0.08334753	0.067059517	0.062292792	0.074916718	0.08540521	0.065649613	0.089738058	0.092637908	0.059218088	0.086226868	0.078990867	0.069264371	0.073484248	0.090748477	0.08669796	0.095912585	0.05861841	0.060636042	0.08125595	0.085322619	0.082547993	0.067361939	0.046275565	0.08468027	0.072963412	0.069276131	0.035380568	0.064596413	0.061923737	0.101805328	0.062983075	0.102210616	0.081763578	0.067975531	0.053111976	0.081379758	0.064414624	0.076408797	0.080693805	0.065103791	0.060675892	0.070084559	0.073234304	0.080801923	0.072474515	0.071704099	0.050862971	0.053297868	0.083803828	0.063804824	0.078111635	0.050815618	0.0860665	0.081607133	0.049795186	0.061047577	0.061751967	0.06176286	0.083301481	0.096138046	0.064849761	0.106150157	0.086047377	0.06290222	0.056640353	0.05016631	0.08421445	0.080026401	0.066684815	0.073430183	0.069375107	0.042053267	0.089366924	0.06907818	0.084084386	0.057132905	0.060522495	0.071723878	0.106999179	0.070245366	0.066699956	0.091920608	0.081055182	0.08373515	0.111828202	0.0481311	0.079835707	0.064089285	0.070323586	0.07041644	0.065815128	0.078425411	0.084719907	0.062573965	0.066963457	0.079207475	0.052586363	0.079621367	0.062889019	0.06170525	0.078096153	0.053394232	0.054011779	0.078217432	0.07751526	0.080788632	0.071352729	0.073336455	0.095396878	0.084883677	0.066641581	0.08759533	0.119769623	0.083945278	0.066809612	0.067259068	0.078444923	0.073934886	0.050989344	0.079802782	0.076021507	0.066869332	0.062934345	0.078360424	0.087971904	0.070330676	0.071123232	0.057995367	0.085616614	0.075189475	0.071462184	0.074131029	0.069301831	0.09030634	0.076849758	0.08067075	0.101821632	0.066695192	0.06903497	0.065069147	0.067226122	0.078809221	0.0575984	0.079824743	0.081388198	0.081770573	0.09131985	0.071404646	0.049248707	0.063750089	0.060615715	0.064545659	0.074798796	0.070184012	0.069470568	0.07257039	0.069420356	0.059345707	0.069392063	0.060976317	0.06965304	0.059506594	0.077434417	0.062957415	0.075752753	0.073837966	0.11577324	0.094215142	0.080295448	0.081261303	0.089388308	0.080187213	0.09243395	0.093300477	0.106002066	0.088196134	0.093816469	0.090072793	0.078717992	0.086915573	0.074771437	0.056644307	0.056279569	0.093703163	0.107883846	0.082062986	0.090805384	0.071422332	0.05231781	0.064941752	0.077360983	0.069807501	0.056116723	0.057760527	0.062174173	0.062210232	0.10992546	0.096436268	0.067648841	0.093233017	0.065168863	0.065424262	0.073474784	0.071391762	0.098637515	0.054686561	0.084202634	0.081048744	0.087747282	0.060105052	0.031047584	0.057629702	0.09053572	0.080119492	0.079928952	0.088112324	0.084474053	0.107689165	0.164431941	0.130434783	0.0704748	0.136856111	0.073421717	0.060047355	0.063608907	0.165676802	0.093160542	0.060082668	0.147178811	0.062642761	0.076476853	0.114302106	0.072307362	0.096082137	0.07726297	0.228270413	0.084427767	0.178274428	0.126491631	0.062317366	0.076705811	0.100368653	0.071621245	0.076559039	0.064106313	0.05592415	0.1196741	0.074979132	0.139534884	0.102763541	0.050121538	0.164825213
Cofactor and vitamin metabolism	0.169503998	0.080536286	0.12778823	0.063364912	0.106318578	0.1049433	0.081948537	0.103608658	0.058924274	0.094537237	0.088780047	0.108902941	0.045134276	0.094033059	0.113147546	0.116076581	0.094571045	0.097646231	0.118396799	0.103681385	0.118385033	0.05650957	0.090177004	0.10078487	0.103128456	0.079348458	0.11237298	0.091553548	0.042681037	0.108653534	0.10819056	0.073845596	0.058785645	0.057426582	0.10056811	0.049053292	0.103964862	0.083507754	0.123084328	0.107859814	0.127132879	0.104167369	0.099778702	0.133823744	0.11095786	0.123849185	0.052408365	0.076175812	0.139117399	0.107355206	0.086882676	0.080618187	0.078367606	0.089384748	0.114127081	0.127649182	0.101036902	0.098978278	0.112609842	0.110398248	0.114894343	0.081723983	0.086048524	0.044956355	0.091845007	0.103911677	0.142086409	0.11253625	0.098127464	0.069620376	0.061817375	0.130217386	0.128508919	0.09611785	0.113560631	0.094509535	0.168373273	0.108318207	0.081191876	0.118221367	0.061849462	0.100534128	0.142131721	0.107631063	0.125718776	0.091722557	0.099407583	0.076609915	0.146898744	0.104151483	0.096663292	0.11062736	0.104307523	0.119410011	0.074994992	0.129693867	0.086943273	0.098199192	0.095928357	0.130788333	0.081242301	0.064449036	0.106086584	0.060536734	0.063562161	0.133773858	0.10278793	0.057652734	0.115440904	0.063080233	0.152821582	0.140475685	0.122372072	0.092480903	0.142989726	0.122273355	0.070798526	0.117884054	0.08137618	0.03627677	0.037554496	0.04761108	0.140489824	0.063734734	0.123736021	0.035388798	0.096581042	0.110822936	0.133568905	0.082995751	0.106317733	0.081322385	0.061374428	0.040553567	0.040503912	0.125959028	0.079852143	0.064594387	0.066149708	0.03513553	0.104161239	0.08288425	0.097456088	0.133971419	0.055944646	0.121375963	0.022930289	0.115879014	0.090261193	0.14583856	0.090164455	0.100940994	0.019720501	0.040675752	0.096372654	0.105068885	0.066955931	0.08210214	0.094053087	0.131050029	0.063961431	0.085070446	0.084480481	0.086860923	0.089397437	0.081160934	0.090118985	0.079882151	0.08298932	0.119635878	0.113830289	0.117489846	0.112657255	0.079111631	0.089787649	0.129104142	0.150504426	0.108139273	0.103249321	0.082121886	0.148753501	0.050136737	0.128267111	0.140122465	0.050947438	0.052848049	0.089362815	0.070788338	0.127540416	0.090886784	0.152071027	0.087474333	0.11365548	0.09673992	0.077855954	0.042528289	0.129566952	0.13842125	0.117038572	0.096526466	0.096582448	0.101304207	0.152076357	0.117493855	0.050396226	0.123115969	0.102535964	0.084737666	0.105300434	0.103308372	0.094725594	0.090407311	0.127742209	0.136882838	0.075271002	0.111190117	0.096090659	0.116504745	0.119777866	0.053285968	0.104000629	0.114948869	0.113543692	0.058900994	0.052173913	0.0469832	0	0.08334357	0.17881749	0.092629901	0.037230742	0.088025709	0.100197252	0.052720768	0.10200794	0.115830064	0.110372061	0.087226676	0.092710834	0.124597496	0.052677788	0.056285178	0.130977131	0.040803752	0.116275969	0.123382113	0.098964896	0.065110222	0.037144547	0.084458985	0.078865298	0.108127654	0.093899647	0	0.025690885	0.243726249	0.054941738
Cysteine and methionine metabolism	0.020926419	0.02255016	0.017366598	0.01833	0.038652981	0.036372394	0.022785307	0.014546043	0.035949213	0.027396082	0.030613809	0.023573921	0.037847538	0.018430747	0.012845511	0.020893785	0.021616239	0.018321681	0.022082387	0.018633368	0.016122802	0.019781472	0.017120765	0.012442577	0.018354076	0.015357766	0.034564271	0.017590008	0.024691509	0.014455016	0.023404752	0.005443164	0.021211909	0.015728726	0.021209443	0.019405698	0.007223365	0.020419624	0.022945225	0.023946745	0.021346939	0.015568884	0.033996363	0.020213501	0.016938372	0.016999327	0.021862661	0.038318742	0.0156752	0.030621452	0.018792039	0.02437374	0.03237352	0.018903119	0.035130632	0.019536954	0.02037719	0.018514096	0.028802517	0.019172621	0.035366811	0.023333355	0.013357115	0.031733897	0.010407366	0.015704536	0.029787034	0.025075868	0.036483288	0.012843113	0.01460892	0.020550339	0.023117778	0.014732796	0.041932998	0.021018337	0.02523196	0.019814306	0.011219983	0.029971614	0.018893961	0.016227646	0.034216896	0.017692778	0.01131469	0.035363523	0.014911137	0.022699234	0.019977595	0.007180896	0.0160437	0.013355416	0.021918165	0.021550978	0.024482537	0.026800209	0.029574966	0.028573297	0.026170899	0.018339324	0.04062115	0.016665609	0.020314452	0.023757812	0.012220695	0.024129675	0.029036138	0.014102591	0.02208892	0.033292345	0.026704449	0.008919091	0.015621967	0.027200266	0.025697035	0.0071986	0.015117123	0.018136008	0.0229292	0.01591497	0.016475521	0.015235546	0.02417102	0.01020254	0.015571275	0.018958285	0.012949413	0.023350652	0.021371025	0.007545068	0.024630485	0.026383631	0.009053388	0.01415017	0.011246206	0.013803729	0.021472436	0	0.015564637	0.019164834	0.021104772	0.033870968	0.013289467	0.019850311	0.010827996	0.025436911	0.024363432	0.01831275	0.029616954	0.026902634	0.015456764	0.015124944	0.020953032	0.011512005	0.022891107	0.0168497	0.019937909	0.021616662	0.030905022	0.023589005	0.021784404	0.020459981	0.020215083	0.026056409	0.019174855	0.014536287	0.029209204	0.033342115	0.032432608	0.026950156	0.026959805	0.022727751	0.034077817	0.033473445	0.012528509	0.022624648	0.028951997	0.023395516	0.023614838	0.01944992	0.0099169	0.029626253	0.023886031	0.019092112	0.015891861	0.017061019	0.024069739	0.024783663	0.020822925	0.022454382	0.029142128	0	0.024311333	0.023234479	0.020761588	0.008505658	0.022211477	0.011223345	0.028769611	0.034159086	0.034178897	0.026059715	0.015335431	0.031525027	0	0.032705563	0.031050473	0.027935494	0.035502669	0.024728068	0.026570529	0.0201652	0.014744396	0.022454642	0.027298709	0.032118191	0.026672205	0.031390883	0.016899875	0	0.041492479	0.033504477	0.012465913	0.029450497	0	0	0	0.041671785	0.02649148	0.010951318	0.018615371	0.014670952	0	0	0.01078498	0.021718137	0.006615708	0.018471531	0.009194463	0.029427549	0.052677788	0	0.021829522	0	0.029330875	0.025180023	0.033690177	0.045577156	0.018572274	0.011603786	0.03657521	0.014433057	0.024602528	0	0.025690885	0.01437913	0
Drug resistance	0	0	0	0	0	0	0	0	0	0	0	0	0	0	0	0	0	0	0	0	0	0	0	0	0	0	0	0.003664585	0	0	0	0	0	0	0	0	0	0	0	0	0	0	0	0	0	0	0	0	0	0	0	0	0	0	0	0	0	0	0	0	0	0	0	0	0	0	0	0	0	0	0	0	0	0	0	0	0	0	0	0	0	0	0	0	0	0	0	0	0	0	0	0	0	0	0	0	0	0	0	0	0	0	0	0	0	0	0	0	0	0	0	0	0	0	0	0	0	0	0	0	0	0	0	0	0	0	0	0	0	0	0	0	0	0	0	0	0	0	0	0	0	0	0	0	0	0	0	0	0	0	0	0	0	0	0	0	0	0	0	0	0	0	0	0	0	0	0	0	0	0	0	0	0	0	0	0	0	0	0	0	0	0	0	0	0	0	0	0	0	0	0	0	0	0	0	0	0	0	0	0	0	0	0	0	0	0	0	0	0	0	0	0	0	0	0	0	0	0	0	0	0	0	0	0	0	0	0	0	0	0	0	0	0	0	0	0	0	0	0	0	0	0	0	0	0	0	0	0	0	0	0	0	0	0	0	0	0
Enediyne biosynthesis	0	0	0	0	0	0	0	0	0	0	0	0	0	0	0	0	0	0.008328037	0	0	0	0	0	0	0	0	0	0	0	0	0	0	0	0	0	0	0	0	0	0	0	0	0	0	0	0	0	0	0	0	0	0	0	0	0	0	0	0	0	0	0	0	0	0	0	0	0	0	0	0	0	0	0	0	0	0	0	0	0	0	0	0	0	0	0	0	0	0	0	0	0	0	0	0	0	0	0	0	0	0	0	0	0	0	0	0	0	0	0	0	0	0	0	0	0	0	0	0	0	0	0	0	0	0	0	0	0	0	0	0	0	0	0	0	0	0	0	0	0	0	0	0	0	0	0	0	0	0	0	0	0	0	0	0	0	0	0	0	0	0	0	0	0	0	0	0	0	0	0	0	0	0	0	0	0	0	0	0	0	0	0	0	0	0	0	0	0	0	0	0	0	0	0	0	0	0	0	0	0	0	0	0	0	0	0	0.009690537	0	0	0	0	0	0	0	0	0	0	0	0	0	0	0	0	0	0	0	0	0	0	0	0	0	0	0	0	0	0	0	0	0	0	0	0	0	0	0	0	0	0	0	0	0	0	0	0	0	0	0
Fatty acid metabolism	0.037109517	0.012885806	0.103207209	0.016749827	0.031819305	0.039353738	0.06233222	0.067064915	0.027029483	0.030094181	0.034865727	0.033946446	0.02773311	0.04941577	0.036395616	0.038305272	0.045484169	0.032965146	0.030243269	0.023957188	0.027039283	0.047805223	0.069374765	0.03732773	0.023598098	0.024316463	0.043948236	0.044341478	0.029100707	0.030114616	0.063324545	0.061235598	0.061675932	0.038652507	0.051256155	0.019166122	0.035876047	0.038043704	0.027117084	0.039844936	0.084167929	0.024218265	0.039008647	0.031097694	0.029037209	0.034725669	0.03721304	0.045705487	0.02978288	0.032563071	0.053844074	0.063281451	0.048691879	0.015752599	0.025635867	0.038422675	0.034174246	0.023803837	0.035253081	0.023597073	0.025808214	0.03585862	0.067889471	0.031733897	0.031742467	0.024429278	0.031592309	0.085815193	0.044450902	0.031572653	0.068607817	0.086898576	0.026790696	0.022917682	0.027038246	0.024521393	0.02523196	0.028532601	0.122399813	0.054392929	0.02153158	0.054014877	0.030795206	0.017692778	0.011786135	0.065202444	0.036390276	0.028374043	0.033771649	0.035665115	0.036098325	0.041179198	0.060630769	0.037765523	0.042817944	0.055514718	0.068821607	0.060589159	0.062582585	0.055983198	0.07021656	0.010416006	0.036114582	0.00913762	0.088600036	0.047021931	0.067170267	0.080586233	0.031292637	0.088779587	0.038951662	0.04013591	0.009112814	0.034523414	0.054820342	0.039249507	0.015117123	0.03551635	0.023378792	0.028753938	0.029766697	0.045706637	0.047015004	0.082405134	0.036203213	0.045824883	0.037337475	0.06075935	0.030869258	0.026407739	0.083515044	0.050347599	0.086007188	0.026916084	0.013179147	0.032208701	0.048125523	0.026074799	0.015564637	0.044599308	0.061793251	0.036129032	0.03388814	0.053341348	0.083916969	0.079666655	0.025796576	0.041712376	0.039037966	0.038313061	0.025761273	0.018125925	0.023828938	0.027341012	0.057501584	0.029008641	0.038371931	0.0494301	0.037856204	0.051466921	0.043672544	0.071789406	0.075497146	0.052299602	0.049580698	0.066705404	0.06099569	0.012734836	0.067726917	0.049653065	0.058113358	0.042930196	0.04543709	0.018369574	0.046981909	0.039970211	0.029871108	0.037172875	0.037521354	0.025933227	0.034827209	0.051656032	0.038952604	0.028588449	0.036224096	0.026269859	0.113510703	0.067380584	0.059345336	0.026731407	0.023128673	0.016427105	0.068071732	0.055762749	0.041523176	0.062374824	0.007403826	0.031051253	0.110652351	0.083465639	0.083514046	0.069023029	0.020447241	0.032502547	0.010079245	0.086407291	0.058298847	0.051215073	0.043472656	0.024728068	0.077580261	0.04425141	0.077408076	0.071509397	0.067904684	0.010706064	0.078327952	0.048442721	0.042418687	0	0.062723695	0.054890313	0.038644331	0	0	0	0	0.028121368	0	0.073921399	0.037230742	0.039367053	0.077931196	0	0.072798618	0.058949229	0.030432257	0.036943063	0.048730653	0.056350626	0	0	0	0	0.064108913	0.029976218	0.034813183	0.030756829	0.048287912	0.097665199	0.027431408	0.035842092	0.03280337	0	0.025690885	0.017254956	0
Glycan biosynthesis	0	0	0	0	0	0	0	0	0	0	0	0	0	0	0	0	0	0	0	0	0	0	0	0	0	0	0	0	0	0	0	0	0	0	0	0	0	0	0	0	0	0	0	0	0	0	0	0	0	0	0	0	0	0	0	0	0	0	0	0	0	0	0	0	0	0	0	0	0	0	0	0	0	0	0	0	0	0	0	0	0	0	0	0	0	0	0	0	0	0	0	0	0	0	0	0	0	0	0	0	0	0	0	0	0	0	0	0	0	0	0	0	0	0	0	0	0	0	0	0	0	0	0	0	0	0	0	0	0	0	0	0	0	0	0	0	0	0	0	0	0	0	0	0	0	0	0	0	0	0	0	0	0	0	0	0	0	0	0	0	0	0	0	0	0	0	0	0	0	0	0	0	0	0	0	0	0	0	0	0	0	0	0	0	0	0	0	0	0	0	0	0	0	0	0	0	0	0	0	0	0	0	0	0	0	0	0	0	0	0	0	0	0	0	0	0	0	0	0	0	0	0	0	0	0	0	0	0	0	0	0	0	0	0	0	0	0	0	0	0	0	0	0	0	0	0	0	0	0	0	0	0	0	0	0	0	0
Glycosaminoglycan metabolism	0	0	0	0	0	0	0	0	0	0	0	0	0	0	0	0	0	0.010410046	0	0.038113708	0	0	0	0	0.037542429	0	0	0	0	0	0	0	0	0	0	0	0	0	0	0	0	0	0	0	0	0	0	0	0	0.029475194	0	0	0	0	0	0	0.008915021	0.037869741	0	0	0	0	0	0	0	0	0	0	0	0	0	0	0	0	0	0	0	0	0.006119991	0	0	0	0	0	0	0	0	0	0	0	0	0	0	0	0	0	0	0	0	0	0	0	0	0	0	0	0	0	0	0	0	0	0	0	0	0	0	0	0.005395106	0	0	0	0	0	0	0	0	0	0	0	0	0	0	0	0	0	0	0	0	0	0	0	0	0	0	0	0	0	0	0	0	0	0	0	0	0	0	0	0	0	0	0	0	0	0	0.004845429	0	0	0	0	0	0	0	0	0	0	0	0	0	0	0	0	0	0	0	0.00369998	0	0	0	0	0	0	0	0.010561127	0	0	0	0	0	0	0	0	0	0	0	0	0	0	0	0	0	0	0	0	0	0	0	0	0	0	0	0	0	0	0	0	0	0	0	0	0	0	0	0	0	0	0	0	0	0	0	0	0	0	0	0	0	0	0	0	0	0	0	0	0	0	0
Histidine metabolism	0.008370568	0.006442903	0.005670726	0.007374138	0.006406571	0.010732838	0.005499902	0.007655812	0.012163268	0.009339573	0.010204603	0	0.006525438	0.008585752	0.006422756	0.006964595	0.00540406	0.004164018	0.006720727	0.005081828	0.007053726	0.008006786	0.005350239	0.004977031	0.005005657	0.015357766	0.004691982	0.005235121	0.010582075	0.007227508	0.005673879	0.010886329	0.007410993	0.00803169	0.010604722	0.010062214	0.007223365	0.012124152	0.005959799	0.008033253	0.006099125	0.006672379	0.009806643	0.006219539	0.004839535	0.004490388	0.005426902	0.005540059	0.0078376	0.004803365	0.004270918	0.007944034	0.00394799	0.008101337	0.005696859	0.007442649	0.017830041	0.005049299	0.010500918	0.008258975	0.005735159	0.005454551	0.006623363	0	0.005203683	0.006730515	0.009477693	0.005572415	0.012580444	0.006421557	0.006492853	0.005871525	0.006913728	0.006314055	0.005692262	0.007662935	0.024390895	0.0142663	0.004079994	0.008880478	0.009689211	0.01081843	0.007896207	0.008846389	0.009428908	0.013032394	0.013047245	0.017024426	0.009988797	0.007180896	0.012032775	0.010016562	0.005313495	0.006157422	0.011128426	0.005742902	0.010689747	0.010327698	0.005689326	0.005791365	0.005803021	0	0.009028645	0.00456881	0.006110347	0.007424515	0.005807228	0.004029312	0.013805575	0.007008915	0.006445902	0.019622	0.007810983	0.011159083	0.006852543	0	0.019436301	0.012090672	0.006743882	0.009361747	0.009691483	0.007617773	0.011374598	0.009716705	0.015571275	0.007583314	0.006474707	0.011119358	0.007123675	0.009431335	0.008849276	0.009771715	0.004526694	0.008613147	0	0.006901865	0.008179976	0.004740872	0.020011677	0.007665934	0.011407985	0.007969639	0.006644733	0.015778452	0.005413998	0.009379904	0.011465145	0.00610425	0.008461987	0.006493739	0.007728382	0.006722197	0.00986025	0.007195003	0.004600127	0.006665815	0.006380131	0.008646665	0.009137704	0.005718547	0.007261468	0.01107608	0.012453935	0.00915243	0.007669942	0.009690858	0.012886413	0.004630849	0.012877653	0.006416704	0.005991068	0.011363876	0.00801831	0.004898553	0.012528509	0.007541549	0.006893333	0.007798505	0.007871613	0.006483307	0.018594188	0.00911577	0.007349548	0.016407284	0.004674077	0.00369998	0.005470395	0.012779076	0.010411463	0.006415538	0.008673252	0.008213552	0.0072934	0.014081502	0.010380794	0	0.006346136	0.011223345	0.014938067	0.00927396	0.009279338	0.014086332	0.007667715	0.005131981	0.010079245	0.011305627	0.01013893	0.004655916	0.017389063	0.011539765	0.006820243	0.006721733	0.010531711	0.010363681	0.004789247	0.010706064	0.007274238	0.005813127	0.005633292	0	0.00808295	0.007128612	0.006232957	0	0	0	0	0.007937483	0.01324574	0.005475659	0	0.007335476	0.005566514	0	0.00539249	0.006205182	0.006615708	0.006157177	0.009194463	0.007513417	0	0	0	0	0.006285188	0.010491676	0.008422544	0.008681363	0.007428909	0.005801893	0.006857852	0.009622038	0.008200843	0	0	0	0.027470869
Lipid metabolism	0.035156385	0.016107257	0.01984754	0.016328448	0.012813143	0.01431045	0.041249263	0.018986414	0.028831449	0.018679147	0.018141517	0.015087309	0.024470391	0.018030078	0.006422756	0.020893785	0.037828418	0.019432086	0.017921937	0.018633368	0.018809936	0.024397148	0.021400956	0.017419607	0.018354076	0.017917394	0.017203936	0.021071364	0.025132429	0.016864185	0.021986282	0.022679851	0.014064418	0.024128535	0.010604722	0.010780943	0.016854519	0.023397486	0.014775334	0.032133013	0.012198251	0.024218265	0.016344405	0.006219539	0.024358992	0.017961553	0.032173774	0.033240354	0.0235128	0.010480069	0.027049148	0.027081933	0.025661936	0.028354679	0.013292672	0.015195408	0.008915021	0.018514096	0.016001399	0.023597073	0.015293756	0.031111141	0.027155788	0.019833686	0.015611049	0.022684329	0.041070001	0.01114483	0.018451318	0.029967264	0.05843568	0.011743051	0.013827456	0.022917682	0.017076787	0.018391045	0.01261598	0.016908208	0.022439966	0.019981076	0.009689211	0.027818821	0.026320689	0.020641574	0.009428908	0.019123622	0.014911137	0.022226333	0.013318397	0.016755423	0.0213916	0.015581318	0.025571193	0.016419793	0.023369694	0.027278784	0.017816244	0.017212829	0.071116574	0.027508985	0.025146426	0.032984019	0.006771484	0.028935797	0.057029908	0.018561289	0.038714851	0.06581209	0.00552223	0.051398708	0.012891803	0.020811213	0.018225628	0.016738625	0.029694352	0.023995332	0.015117123	0.018136008	0.010790212	0.019893713	0.015748659	0.076177729	0.034123793	0.025506351	0.007785637	0.014218714	0.015107649	0.04077098	0.01424735	0.017605159	0.026842804	0.020520602	0.080726045	0.010766434	0.011714797	0.013803729	0.016359951	0.021333926	0.015564637	0.014373626	0.03517462	0.007969639	0.015504378	0.024431152	0.035190987	0.010505493	0.022930289	0.070198876	0.006769589	0.012987478	0.007728382	0.01260412	0.021363876	0.032617348	0.032814237	0.022466266	0.027115557	0.012969997	0.035245431	0.032881644	0.022389527	0.028715762	0.025990821	0.037263467	0.019558353	0.025842287	0.01932962	0.024697863	0.018601055	0.027805716	0.040339857	0.010101223	0.00801831	0.021227063	0.021924891	0.007541549	0.013786665	0.015597011	0.015743226	0.015127716	0.02479225	0.027347311	0.007349548	0.017898855	0.029991993	0.01294993	0.066738823	0.016264279	0.020822925	0.0171081	0.013877204	0.019164956	0.025526899	0.011265202	0.024654385	0.059539605	0.019038409	0.022446689	0.014938067	0.02782188	0.027838015	0.016434054	0.035782672	0.020100259	0.02015849	0.038762149	0.012673662	0.027935494	0.01391125	0.016485379	0.02387085	0.028567366	0.018676234	0.018654625	0.035121146	0.010706064	0.025459832	0.014532816	0.016899875	0	0.012932721	0.021385836	0.006232957	0	0	0	0	0.018520793	0.02649148	0.031941345	0.037230742	0.022006427	0.033399084	0	0.031456193	0.035576377	0.006615708	0.00820957	0.027583389	0.028801431	0	0	0	0	0.034568531	0.023781133	0.016845089	0.011575151	0.03962085	0.033360885	0.013715704	0.014433057	0.016401685	0	0	0.028758259	0
Lipopolysaccharide metabolism	0.017936931	0.02255016	0.010632611	0	0.020020536	0.015332625	0	0.005359069	0	0.022948666	0.014578004	0.016973223	0	0.012821389	0.012845511	0.022634933	0	0.017350077	0.026562872	0.016092454	0.027627093	0.012500791	0.012038038	0.005806536	0.015851248	0.023036649	0.014857944	0.011451828	0	0.021682523	0.004255409	0.016329493	0.013175099	0.007466962	0.021209443	0	0.022573016	0.010209812	0.011472612	0.019279808	0.018297376	0.020109809	0.022064947	0.020990944	0.00967907	0.009542075	0	0	0.0244925	0.012281331	0.013422885	0.009629132	0.008553979	0.023313847	0.019532089	0	0.018944419	0.015989446	0.019716009	0.017697804	0.019663401	0.013333346	0.004967522	0.017453644	0.010407366	0.013087113	0.018955385	0.016717245	0.017612622	0	0	0.017614576	0.011018754	0.019029861	0.020871628	0.018391045	0.016821307	0.020606878	0	0.014652789	0	0.009935293	0.024675646	0.021231333	0.028286725	0.008499388	0.023609301	0.012160304	0.020809995	0.022440299	0.017189679	0.020867837	0.003985121	0	0.013990021	0.01804912	0.010689747	0.010327698	0.017067978	0.018201434	0.023212086	0	0.015235839	0	0	0.014849031	0	0	0.01656669	0.01401783	0.019337705	0.017838182	0.02343295	0.030687479	0.014561653	0.02262417	0.022675685	0.034112968	0.016859706	0	0	0	0.005687299	0	0.030586432	0	0.020233458	0.011119358	0.022388693	0.025222085	0.014380074	0.016489769	0	0	0	0.021568327	0	0	0.023346956	0	0.011407985	0.023908918	0.020764792	0.019086837	0	0.008754577	0	0	0.021154967	0.019481218	0.017388859	0.016385356	0	0	0	0.016201634	0	0	0	0.017972575	0	0.008614729	0.008663607	0.005491458	0.012052766	0.005814515	0.012370957	0	0.012591483	0.020052199	0	0.023810025	0.026345876	0	0.006264255	0.023567342	0.021541664	0.028269582	0.028534596	0.021070747	0.025972833	0	0.022967337	0.020633402	0	0	0	0.0147153	0	0.021812828	0.021683131	0.01026694	0.022922114	0.013201408	0.005190397	0	0.021894171	0.033670034	0	0	0	0	0.030305733	0.018817264	0.02015849	0	0.017236181	0	0.019514392	0.031596976	0	0.022853893	0.009829597	0.010363681	0.009578494	0.028549503	0	0.02117639	0.010864205	0	0.009237658	0.025128357	0.012465913	0	0	0	0	0.015874966	0.02649148	0	0.055846113	0.022006427	0	0	0	0	0.006615708	0.018471531	0.027583389	0.023479428	0	0	0	0	0	0.032454252	0.026470854	0.017362726	0	0	0.023659589	0.030068869	0.024602528	0	0	0.031634085	0
Lysine metabolism	0.016741136	0.030818552	0.027455764	0.01790862	0.029477855	0.034464334	0.023832908	0.028785854	0.017298869	0.038514622	0.033578003	0.034889403	0.02610175	0.033121922	0.025691023	0.050319198	0.033370069	0.027522179	0.035283814	0.030273174	0.037032061	0.019561678	0.021995427	0.020737628	0.029819415	0.030715532	0.012120955	0.016979244	0.02116415	0	0.02802491	0.005443164	0.01634124	0.017920708	0.031814165	0.010780943	0.02889346	0.026800756	0.024162017	0.041094553	0.025074182	0.020758512	0.030455075	0.036228814	0.027316486	0.022451941	0.022431194	0.022067902	0.0313504	0.027884469	0.027310148	0.019097778	0.024828472	0.025204159	0.022787437	0.030824971	0.031584645	0.030079394	0.036817504	0.011798536	0.022940634	0.019762645	0.014902567	0.033811712	0.020814732	0.020939381	0.047388463	0.022846902	0.023539409	0.020548981	0.02153463	0.024138493	0.029599398	0.019643728	0	0.037044818	0.02523196	0.027898543	0.012822838	0.026641435	0.009689211	0.00463647	0.031584827	0.035385555	0.037715633	0.038098842	0.029822275	0.022699234	0.03064024	0.028723583	0.033233379	0.035057966	0.02570403	0.02852939	0.020884346	0.026854903	0.035157389	0.034942044	0.026604372	0.027081527	0.029015107	0	0.027085936	0.005482572	0.024441389	0.031554191	0.031842965	0.016564948	0.029780598	0.028035659	0.034071194	0.026757273	0.017184163	0.041846563	0.041979982	0.021595799	0.010078082	0.045340021	0.021580423	0.036778293	0.038073682	0.049134635	0	0.015696216	0.030493746	0.02906937	0.03399221	0.022238716	0.021371025	0.030180273	0.029213146	0.030726615	0.018106777	0.027274966	0.015814977	0.027607458	0.017450615	0.009481745	0.010376425	0.029386079	0.023449747	0	0.033223666	0.032945699	0.022257547	0.026086556	0.018344232	0.024417	0.020308768	0.03432405	0.007728382	0.020166592	0.022349901	0.02158501	0.024110505	0.024848678	0.026477544	0.018446218	0.023136702	0.026604858	0.027178638	0.022613663	0.018410165	0.0182709	0.023524476	0.014536287	0.006872754	0.020375737	0.007631202	0.025666815	0.023964271	0.036490667	0.038888803	0.004898553	0	0.030166197	0.020679998	0.031194021	0.031486451	0.006483307	0.042560029	0	0.034236644	0.035996586	0.014022231	0.015857057	0.021881581	0.021729962	0.04164585	0.006415538	0.020815806	0	0	0.021263068	0	0.025516974	0.026291137	0	0.031820455	0.021690762	0.021703342	0.021129499	0.037462267	0.026197541	0.010079245	0.028425576	0.029410944	0.017847677	0.029993833	0.034148284	0.020119716	0.038033807	0.011058297	0.022800098	0.02634086	0	0.021459001	0.005813127	0.023708111	0	0.029663145	0.037679807	0.024931826	0	0	0	0	0.045697223	0.01324574	0.026039801	0	0.007335476	0.026471867	0	0.025644287	0.024820728	0.026462832	0.038721803	0.009194463	0.04078712	0	0	0	0	0.02514075	0.04406504	0	0.044316291	0.007428909	0.027704039	0.032174755	0	0.047701567	0	0	0.01437913	0.027470869
Macrolide biosynthesis	0	0	0	0	0	0	0	0	0	0	0	0	0	0	0	0	0	0	0	0	0	0	0	0	0	0	0	0	0	0	0	0	0	0	0	0	0	0	0	0	0	0	0	0	0	0	0	0	0	0	0	0	0	0	0	0	0	0	0	0	0	0	0	0	0	0	0	0	0	0	0	0	0	0	0	0	0	0	0	0	0	0	0	0	0	0	0	0	0	0	0	0	0	0	0	0	0	0	0	0	0	0	0	0	0	0	0	0	0	0	0	0	0	0	0	0	0	0	0	0	0	0	0	0	0	0	0	0	0	0	0	0	0	0	0	0	0	0	0	0	0	0	0	0	0	0	0	0	0	0	0	0	0	0	0	0	0	0	0	0	0	0	0	0	0	0	0	0	0	0	0	0	0	0	0	0	0	0	0	0	0	0	0	0	0	0	0	0	0	0	0	0	0	0	0	0	0	0	0	0	0	0	0	0	0	0	0	0	0	0	0	0	0	0	0	0	0	0	0	0	0	0	0	0	0	0	0	0	0	0	0	0	0	0	0	0	0	0	0	0	0	0	0	0	0	0	0	0	0	0	0	0	0	0	0	0	0
Methane metabolism	0.008370568	0	0.004961885	0.010745172	0.012813143	0.01431045	0	0.004593487	0.010811793	0.006226382	0	0	0.016313594	0.004006684	0	0.006964595	0	0.012492055	0.006720727	0.011010627	0.007053726	0.003709026	0.010700478	0.004977031	0.010845591	0	0	0.00732917	0.013227594	0.007227508	0.008510819	0	0.004034874	0.004099508	0	0.011893263	0	0.005104906	0.010429648	0	0	0.005189628	0.013075524	0.006219539	0.012098837	0.011225971	0.00930326	0	0.0078376	0.005502036	0	0	0	0	0	0.013024636	0.008915021	0.010940147	0.006000524	0.011798536	0	0.008484857	0.005204071	0.023800423	0.005203683	0.005234845	0	0	0	0.006421557	0.006492853	0	0.020741184	0.004910932	0	0.018391045	0.008410653	0.02113526	0.004079994	0	0.013918628	0.00463647	0.007896207	0	0.01131469	0.005099633	0.007455569	0.005674809	0	0	0	0.006677708	0.007970242	0.012314845	0	0.012634384	0	0	0	0.012741004	0	0.012152007	0	0.00913762	0.006110347	0	0	0.00503664	0.01104446	0	0	0.008919091	0	0.008369313	0	0.017996499	0	0.009068004	0.005395106	0.004680874	0.004845741	0	0	0.008632919	0.007785637	0.007583314	0	0	0	0.007545068	0.005309566	0	0.005658368	0.005742098	0.021203783	0	0	0.005689047	0	0.007665934	0	0	0	0.006107788	0.006767497	0.004377289	0.012284084	0.00610425	0.006769589	0	0	0.005881923	0.012677465	0.005756003	0	0.01814583	0.007018144	0	0	0.01829935	0.003630734	0.008614729	0.008663607	0.00392247	0	0.009690858	0.005154565	0.009261699	0.005723401	0	0	0	0	0.009797106	0	0	0.006893333	0	0	0	0.008264083	0.00911577	0	0.005966285	0.00545309	0.013566594	0.006837994	0.009293874	0	0	0.006938602	0	0	0.004224451	0.005190397	0.008505658	0	0	0	0	0	0	0	0.005131981	0.012599056	0.004845269	0	0	0	0	0	0	0.017201795	0.016581889	0	0	0	0	0.005069963	0	0	0	0.006232957	0	0	0	0	0	0	0.005475659	0	0	0.005566514	0	0.00539249	0	0.006615708	0	0	0	0	0	0.021829522	0	0	0	0.008422544	0	0	0.005801893	0	0	0	0	0	0.01437913	0
Nitrogen metabolism	0.013950946	0.012885806	0.004961885	0.003160345	0	0.0095403	0	0.014928834	0.021623587	0	0	0.005657741	0	0	0.006422756	0	0	0.006246028	0.013441453	0.005081828	0.014107452	0.009890736	0.005350239	0.004977031	0.005005657	0.007678883	0.014545146	0.003664585	0.005291038	0.007227508	0.008510819	0.013063594	0.010375391	0	0	0.003593648	0	0.010209812	0.02425307	0.006426603	0.019517201	0.015568884	0	0	0.01855155	0.024322937	0.011629075	0	0.010450133	0.006550043	0	0.003610924	0.00394799	0.012602079	0.005696859	0.013024636	0	0.005049299	0	0.005899268	0.005735159	0.014141428	0.013798673	0	0.005203683	0.015704536	0	0.019503453	0	0	0.003246427	0.018788881	0	0.014732796	0.011384524	0	0	0.006340578	0.012239981	0.006660359	0.003229737	0.00927294	0.010528276	0.008846389	0	0	0.007455569	0.011349617	0.006659198	0	0	0.006677708	0.007970242	0.006157422	0	0.017228706	0	0	0.005689326	0.017374096	0	0	0	0.006853215	0.012220695	0.007424515	0	0.008058623	0	0.017522287	0	0.008919091	0.007810983	0	0	0	0	0	0.007193474	0	0	0.007617773	0	0	0.007785637	0	0	0.005559679	0	0	0	0	0	0.008613147	0	0	0.004089988	0.004740872	0	0	0.005703992	0.015939279	0	0	0.010827996	0.004377289	0	0.0122085	0	0	0	0.010083296	0.004930125	0	0.004600127	0.010369046	0.003190066	0.004323332	0.003916159	0.01715564	0.003630734	0.016152616	0.008663607	0.00392247	0	0	0	0.017365685	0	0.006416704	0.012838003	0	0	0	0.006264255	0	0	0.007798505	0.007871613	0.006483307	0	0	0	0.01193257	0.009348154	0.00739996	0.016411186	0	0	0.012831075	0	0	0	0	0.005190397	0	0.006346136	0	0.006639141	0.00463698	0.004639669	0	0	0.005131981	0.010079245	0	0.005069465	0.009311831	0.005796354	0	0.003410121	0	0	0.00518184	0.009578494	0	0.003637119	0	0.005069963	0	0.00646636	0	0	0	0	0	0	0	0	0	0	0	0	0	0	0.007756477	0	0.006157177	0	0.007513417	0	0	0	0	0.006285188	0	0	0	0	0	0.006857852	0.018041322	0.008200843	0	0	0	0
Other amino acid metabolism	0.008370568	0	0.00992377	0.003160345	0.006406571	0.007155225	0.010999804	0.014928834	0.005405897	0	0	0	0.013050875	0.004006684	0	0	0.010808119	0.006940031	0	0	0	0.010714964	0.005350239	0	0	0	0	0.009772227	0.010582075	0	0.017021638	0.005443164	0.012104622	0.005270796	0	0	0	0.012762265	0.005214824	0.006426603	0.006099125	0.005189628	0.006537762	0.012439078	0.004839535	0.004490388	0.00930326	0.011080118	0	0	0.010677295	0.009027311	0.00394799	0.00630104	0	0.006512318	0	0	0	0.005899268	0	0.004242428	0.013246726	0	0	0.005234845	0.009477693	0.005572415	0.006290222	0	0.007574996	0.005871525	0	0.004910932	0.005692262	0	0	0	0.009519985	0.006660359	0	0	0	0	0	0.005666258	0	0.011349617	0	0	0	0	0.015940484	0.006157422	0.005564213	0.005742902	0.005344873	0.007745773	0.005689326	0.005791365	0	0	0	0	0.006110347	0	0.005807228	0.005372416	0	0	0	0	0	0	0	0.0071986	0	0	0.005395106	0	0	0	0.008530948	0.007848108	0	0	0.012949413	0.013899198	0	0	0.011061595	0.007328786	0.006035592	0.004306574	0.005271659	0.013803729	0	0	0	0	0.014259981	0	0.013289467	0	0.007218664	0.008754577	0	0	0	0	0	0.005041648	0	0.014390007	0.004600127	0.010369046	0	0	0.009790398	0	0	0.010050517	0.008663607	0.009806175	0.003834971	0.007268143	0	0.009261699	0	0	0.005991068	0.007575917	0.00801831	0.009797106	0	0	0.013786665	0	0	0	0	0	0	0	0.004674077	0	0	0.011617342	0.010411463	0	0.013877204	0	0.0109401	0.006336676	0.007785595	0	0	0	0.006639141	0.00463698	0.004639669	0.007043166	0.007667715	0	0	0.019381075	0	0.013967747	0	0.008242689	0.008525303	0.013443466	0.014744396	0.012954601	0.011973118	0	0.009092797	0.011626253	0.005069963	0.026642984	0.00646636	0	0	0	0	0	0	0	0	0.008213489	0	0	0.008349771	0	0.008088735	0.006205182	0	0.006157177	0	0	0	0.028142589	0	0	0.006285188	0	0	0	0	0.005801893	0.006857852	0	0.008200843	0	0.025690885	0	0
Other carbohydrate metabolism	0.020926419	0.064429029	0.09841072	0.040505085	0.057659143	0.058434338	0.043082564	0.053207895	0.041445208	0.049811058	0.051023015	0.037718273	0.046765636	0.037462496	0.061016179	0.044109101	0.05584195	0.073911326	0.075048113	0.074533473	0.074064122	0.070718761	0.034063188	0.049438504	0.073416305	0.019837115	0.033234876	0.041531963	0.061728772	0.028910031	0.057944491	0.079379479	0.072108964	0.055891358	0.010604722	0.061391483	0.036116825	0.037776304	0.038242041	0.032133013	0.022363459	0.025515672	0.054481351	0.055457555	0.026617442	0.055156936	0.024808693	0.066850046	0.0235128	0.079255522	0.057016756	0.030993768	0.047046883	0.030980112	0.047473827	0.036903134	0.049032614	0.074056382	0.048004196	0.043752905	0.047792988	0.049919239	0.073546927	0.03702288	0.053771392	0.030972834	0	0.035291962	0.052837865	0.055225387	0.09374057	0.021528927	0.065680416	0.030693324	0.037948415	0.053129684	0.054669248	0.086865918	0.109479833	0.013320717	0.055174673	0.03260984	0.015792413	0.017692778	0.070716811	0.061974701	0.029822275	0.055045643	0.042174923	0.035904478	0.0481311	0.030049685	0.058249185	0.03489206	0.040062333	0.046763629	0.061376962	0.06454811	0.05689326	0.046330923	0.039170395	0.038192021	0.043853421	0.041880759	0.10667648	0.0321729	0.026132525	0.107280423	0.052000999	0.059575776	0.048344261	0.017838182	0.050771392	0.025107938	0.036546895	0.025195098	0.045603321	0.036272017	0.090637779	0.07629824	0.078177961	0.042169814	0.03317591	0.084563363	0	0.085438671	0.064207508	0.065199873	0.048084806	0.030180273	0.079978686	0.041122635	0.122371631	0.0878541	0.055176696	0.064992558	0.065439805	0.073483523	0.046953322	0.084453037	0.063608158	0	0.065893605	0.062095844	0.111588514	0.079155971	0.026752004	0.058668626	0.089132928	0.048703044	0.042322091	0.039492909	0.023007251	0.048446355	0.036954351	0.040488656	0.067310382	0.067011651	0.057502269	0.052556168	0.070859826	0.078394032	0.101941775	0.070604463	0.036560058	0.061536947	0.075600292	0.067147316	0.066773016	0.059889235	0.050924077	0.064395295	0.052119015	0.053230943	0.08143531	0.045249296	0.029296663	0.038992526	0.039358064	0.041060943	0.032170896	0.053175327	0.044097288	0.032175323	0.063177939	0.072149612	0.059110661	0.075125479	0.031234388	0.044908764	0.022550456	0.04312115	0.052877149	0.056326009	0.070935425	0.083922491	0.061345985	0.078563412	0.101009789	0.052707006	0.052737574	0.0903873	0.023003146	0.049951282	0.045356603	0.044414963	0.044526801	0.05858694	0.036710243	0.032970757	0.040694115	0.013443466	0.108535134	0.065204825	0.039910393	0.053530318	0.043402952	0.051252399	0.054079601	0.06660746	0.05927497	0.060593202	0.047786	0	0.065217391	0.0469832	0.068428056	0.015874966	0	0.086697937	0	0.061128965	0.090919729	0.026360384	0.090773585	0.052744047	0.050720428	0.024628709	0.058231598	0.037567084	0	0.070356473	0.065488565	0.05100469	0.039806188	0.033573364	0.061765325	0.017362726	0.076765398	0.071073189	0.006857852	0.043299172	0.008200843	0	0	0	0.027470869
Other terpenoid biosynthesis	0	0	0	0	0	0	0	0	0	0	0	0	0	0	0	0	0	0	0	0	0	0	0	0	0	0	0	0	0	0	0	0	0	0	0	0	0	0	0	0	0	0	0	0	0	0	0	0	0	0	0	0	0	0	0	0	0	0	0	0	0	0	0	0	0	0	0	0	0	0	0	0	0	0	0	0	0	0	0	0	0	0	0	0	0	0	0	0	0	0	0	0	0	0	0	0	0	0	0	0	0	0	0	0	0	0	0	0	0	0	0	0	0	0	0	0	0	0	0	0	0	0	0	0	0	0.005055543	0	0	0	0	0	0	0	0	0	0	0.004089988	0	0	0.005110623	0	0	0	0	0	0	0	0	0	0	0	0	0	0	0	0	0.003190066	0.004323332	0	0	0.003630734	0	0	0	0.003834971	0	0	0	0	0	0	0	0	0	0	0	0	0	0	0	0	0	0	0	0	0	0	0	0	0	0	0	0	0	0	0	0	0	0	0	0	0	0	0	0	0	0	0	0	0	0	0	0	0	0	0	0	0	0	0	0	0	0	0	0	0	0	0	0	0	0	0	0	0	0	0	0	0	0	0	0	0	0	0	0	0	0	0	0	0	0	0	0	0	0	0	0
others	0.344743981	0.426881366	0.227880478	0.560976241	0.392616051	0.347028413	0.447783671	0.390783277	0.44585054	0.389570087	0.38543183	0.379129875	0.438074374	0.409423811	0.364629017	0.346875517	0.432453445	0.392665716	0.30859336	0.349997573	0.313302991	0.434189151	0.423382243	0.437623191	0.356431395	0.410180337	0.435303818	0.430473658	0.445820309	0.432957008	0.409221605	0.507380672	0.406196539	0.492350947	0.394142154	0.558220778	0.416598171	0.390014817	0.403627365	0.397125092	0.30322818	0.429586953	0.36992837	0.349434424	0.430036589	0.40508648	0.483545897	0.481978097	0.389789971	0.389784178	0.387301085	0.534518362	0.515870721	0.392869824	0.408781302	0.354270091	0.370716279	0.35586977	0.350162184	0.44711195	0.406750191	0.435231088	0.371643614	0.353856291	0.444281747	0.431422627	0.282843308	0.300124563	0.461914438	0.512863077	0.372401211	0.303786202	0.33280958	0.441055257	0.476495363	0.337101035	0.32053935	0.280200524	0.345020141	0.331907876	0.538798809	0.451906812	0.389726623	0.431998652	0.333154756	0.385646185	0.35246201	0.384495301	0.349681903	0.416491948	0.404492236	0.369165949	0.415134329	0.39729057	0.451962119	0.29731736	0.393986035	0.379295127	0.297931036	0.30030899	0.393974891	0.565705913	0.420960596	0.531839953	0.295333454	0.267901265	0.42008379	0.37239234	0.3521342	0.325870337	0.29651147	0.330749628	0.369480067	0.409000332	0.306201171	0.461327394	0.374400749	0.375250499	0.369564752	0.480034711	0.47998454	0.309161479	0.403521755	0.420238153	0.365980337	0.44366965	0.385738361	0.3281755	0.362120141	0.383037968	0.303226763	0.397989661	0.326697982	0.46397022	0.557070159	0.381328016	0.462066602	0.48655179	0.369919546	0.442436173	0.315525848	0.417609108	0.383622602	0.250317508	0.325407061	0.316006951	0.517945261	0.310442154	0.359916508	0.291135976	0.443093891	0.402575589	0.559058996	0.551122363	0.444930825	0.4249674	0.481721955	0.458688305	0.421647925	0.304538976	0.466555692	0.32703664	0.333115685	0.412520107	0.493719347	0.421334654	0.432326898	0.4104598	0.438234525	0.398801382	0.399104971	0.275889644	0.282876723	0.432963333	0.48232896	0.343768956	0.350411069	0.335985603	0.330547924	0.405117307	0.290895735	0.524916439	0.344903786	0.305274917	0.431863424	0.494045046	0.284820452	0.401976391	0.298862367	0.376912838	0.351787121	0.44366872	0.418873212	0.406132759	0.462299593	0.383096786	0.364056692	0.314253648	0.266888659	0.421536608	0.421201123	0.239663295	0.305941848	0.349258322	0.457064662	0.338741961	0.368552644	0.43435058	0.36858771	0.335678495	0.468864106	0.420892526	0.272837028	0.257623831	0.440712414	0.534796048	0.470226196	0.393839325	0.366330512	0.560390764	0.297781026	0.281826283	0.383838566	0.452711601	0.454347826	0.6182615	0.477665843	0.402827256	0.385451034	0.332838735	0.503235529	0.372877952	0.337804709	0.487667106	0.326794675	0.397855586	0.389224151	0.441361159	0.387648772	0.299284436	0.21071115	0.53564728	0.283783784	0.525899265	0.401728235	0.407561534	0.366942182	0.427557126	0.488725942	0.359233874	0.527540263	0.385654728	0.449645362	0.488372093	0.47798568	0.353486939	0.368170018
Pathogenicity	0	0	0	0	0	0	0	0	0	0	0	0	0	0	0	0	0	0	0	0	0	0	0	0	0	0	0	0	0	0	0	0	0	0	0	0	0	0	0	0	0	0	0	0	0	0	0	0	0	0	0	0	0	0	0	0	0	0	0	0	0	0	0	0	0	0	0	0	0	0	0	0	0	0	0	0	0	0	0	0	0	0	0	0	0	0	0	0	0	0	0	0	0	0	0	0	0	0	0	0	0	0	0	0	0	0	0	0	0	0	0	0	0	0	0	0	0	0	0	0	0	0	0	0	0	0	0	0	0	0	0	0	0	0	0	0	0	0	0	0	0	0	0	0	0	0	0	0	0	0	0	0	0	0	0	0	0	0	0	0	0	0	0	0	0	0	0	0	0	0	0	0	0	0	0	0	0	0	0	0	0	0	0	0	0	0	0	0	0	0	0	0	0	0	0	0	0	0	0	0	0	0	0	0	0	0	0	0	0	0	0	0	0	0	0	0	0	0	0	0	0	0	0	0	0	0	0	0	0	0	0	0	0	0	0	0	0	0	0	0	0	0	0	0	0	0	0	0	0	0	0	0	0	0	0	0	0
Photosynthesis	0	0	0	0	0	0	0	0	0	0	0	0	0	0	0	0	0	0	0	0	0	0	0	0	0	0	0	0	0	0	0	0	0	0	0	0	0	0	0	0	0	0	0	0	0	0	0	0	0	0	0	0	0	0	0	0	0	0	0	0	0	0	0	0	0	0	0	0	0	0	0	0	0	0	0	0	0	0	0	0	0	0	0	0	0	0	0	0	0	0	0	0	0	0	0	0	0	0	0	0	0	0	0	0	0	0	0	0	0	0	0	0	0	0	0	0	0	0	0	0	0	0	0	0	0	0	0	0	0	0	0	0	0	0	0	0	0	0	0	0	0	0	0	0	0	0	0	0	0	0	0	0	0	0	0	0	0	0	0	0	0	0	0	0	0	0	0	0	0	0	0	0	0	0	0	0	0	0	0	0	0	0	0	0	0	0	0	0	0	0	0	0	0	0	0	0	0	0	0	0	0	0	0	0	0	0	0	0	0	0	0	0	0	0	0	0	0	0	0	0	0	0	0	0	0	0	0	0	0	0	0	0	0	0	0	0	0	0	0	0	0	0	0	0	0	0	0	0	0	0	0	0	0	0	0	0	0
Polyamine biosynthesis	0.020926419	0.006442903	0	0.006320689	0.008542095	0.007155225	0.017874681	0.019522321	0.005405897	0.02801872	0.010204603	0.011315482	0.013050875	0.018697859	0.032113779	0.017411487	0.016212179	0.004164018	0.030243269	0	0.031741766	0.017034045	0.007133652	0.009954061	0	0.007678883	0.020331924	0.02198751	0.005291038	0.014455016	0.011347758	0.005443164	0.017868728	0.021961652	0.010604722	0.003593648	0.01444673	0.023822895	0.015644471	0.006426603	0.006099125	0	0.006537762	0.026951335	0.00967907	0.004490388	0.022095243	0.006925074	0.0235128	0.007860052	0.02135459	0.009930042	0.015133962	0	0.019939007	0.013024636	0.011886694	0	0.02700236	0.008848902	0.020073055	0.011313142	0.012694779	0.02776716	0.005203683	0	0.036331155	0.005572415	0.010064355	0.011772854	0.01947856	0.005871525	0.023333832	0	0.01280759	0.021456219	0.029437287	0.019021734	0.004079994	0.013320717	0.003229737	0.015454901	0.027636724	0.032436759	0.012571878	0.022665033	0.02609449	0.028374043	0.033295992	0.014361791	0.00802185	0.030049685	0.018597231	0.006157422	0.013354111	0.020100156	0.014698402	0.014200584	0.019912641	0.020269779	0.005803021	0.019964011	0.024828775	0.017513772	0.006110347	0.022273546	0.011614455	0.004029312	0.019327805	0.019858592	0.019337705	0.023784243	0.007810983	0.016738625	0.013705086	0	0.007558562	0.018136008	0.013487765	0.015602912	0.016152471	0	0.027488611	0.013734189	0.023356912	0.017694399	0.023740591	0.013899198	0.030869258	0.033952807	0.02212319	0.006514477	0	0.012919721	0.008786098	0.023006215	0.018404945	0.004740872	0.007782319	0.017887179	0.019963973	0.023908918	0.022149111	0.012215576	0.005413998	0.021886444	0.011465145	0	0.010154384	0.021645797	0.0283374	0.005041648	0.00986025	0.017268008	0.006133502	0.012961307	0.013823617	0.019454996	0.017622716	0.020014914	0.015733181	0.015793669	0.017327214	0.014382391	0.01054617	0.004845429	0.005154565	0.009261699	0.005723401	0.00802088	0.011982136	0	0	0.009797106	0.012528509	0.017596948	0.022977775	0.019496263	0.019679032	0.02809433	0.016528167	0.018231541	0.017148945	0.026848283	0.014022231	0.008633287	0	0.009293874	0.010411463	0.025662151	0.023128673	0.008213552	0.0182335	0.012673352	0.007785595	0.019846535	0.006346136	0.011223345	0.019917423	0.01391094	0.013919008	0.017607916	0.007667715	0.015395943	0.010079245	0.026648978	0.015208395	0.015519719	0.014490885	0.008242689	0.012219602	0.016804333	0.004914799	0.00518184	0.015964157	0	0.013033009	0.00871969	0	0	0.014549311	0.019009632	0	0	0.026086957	0	0.027371222	0.019843707	0.01324574	0.016426977	0	0.022006427	0.013916285	0	0.016177471	0.012410364	0	0.006157177	0.009194463	0.020035778	0	0	0	0.020401876	0.012570375	0.029376694	0.016845089	0.021703407	0.007428909	0.029009465	0.006857852	0.014433057	0.012301264	0	0	0.01437913	0.027470869
Polyketide sugar unit biosynthesis	0.008370568	0.006442903	0.006202356	0.005530603	0.008008214	0.0095403	0	0.009186975	0.009009828	0.009339573	0.011338448	0.009901047	0	0.004006684	0.009634134	0.006964595	0.006755075	0.007287032	0.011761271	0.00677577	0.01234402	0.004945368	0	0.004977031	0.00667421	0.015357766	0.006255977	0.005496877	0	0.014455016	0.004255409	0.010886329	0.004323079	0.00439233	0.014139629	0.008085708	0.010835048	0.005104906	0.005214824	0.009639904	0.006099125	0.006487035	0.011441084	0.010884193	0	0.004490388	0.00465163	0.005540059	0.0137158	0.008842558	0.004270918	0.003610924	0	0.00630104	0.005696859	0.008140397	0.020058797	0.006732398	0.009000787	0.005899268	0.005735159	0.005303035	0.003311682	0.011900212	0.006504604	0.009160979	0	0.005572415	0.005032178	0.006421557	0.003246427	0.005871525	0.009074268	0.008594131	0.005692262	0.010728109	0.008410653	0.009510867	0.005439992	0.009990538	0.008074342	0.00463647	0.013818362	0.011057986	0	0.005312117	0.013047245	0.005674809	0.013318397	0.007180896	0.01336975	0.015581318	0.003985121	0.007696778	0.006677056	0.007178627	0.012471371	0.010327698	0.008533989	0.007239207	0.008704532	0.007812004	0.013542968	0.010279823	0.009165521	0.014849031	0.005807228	0.008058623	0.008283345	0.010513372	0.009668852	0.011148864	0.011716475	0.012553969	0.013705086	0.0071986	0.015117123	0.009068004	0.008092659	0.008191529	0.007268612	0.017139989	0.009952773	0.004905067	0.011678456	0.010427057	0.012949413	0	0.010685512	0.020120182	0.004424638	0.008550251	0.007921715	0.008613147	0.005271659	0.013803729	0.01329246	0.008296527	0.015564637	0.010540659	0.007605323	0.009962049	0.011628283	0.010688629	0.009474496	0	0.005732572	0.009156375	0.010154384	0.012987478	0.013524668	0.00630206	0.004930125	0.005756003	0.00690019	0.005184523	0.011165229	0.01405083	0.003916159	0.007148183	0.011799886	0.004307364	0.004331803	0.00392247	0	0.006056786	0.007731848	0.009261699	0	0.017645935	0.008986602	0.025253057	0.03207324	0.009797106	0.006264255	0.011312324	0.013786665	0.013647384	0.015743226	0.017829094	0.012396125	0.01215436	0.011024322	0.010440999	0.009348154	0.00554997	0.006837994	0.005808671	0	0.022454382	0.013877204	0.01026694	0.0109401	0.008448901	0.009083195	0.008505658	0.011105739	0.016835017	0	0	0	0.007043166	0.012779526	0.005131981	0	0	0.005069465	0.004655916	0.005796354	0.016485379	0	0.011202889	0	0	0.006385663	0.026765159	0	0.011626253	0.010139925	0	0.010777267	0.008910765	0.012465913	0.029450497	0.045652174	0.0293645	0.047899639	0.009921854	0	0.005475659	0	0.007335476	0.005566514	0	0.00539249	0.009307773	0.013231416	0.009235766	0.009194463	0.011270125	0	0	0.032744283	0	0.009427781	0.014688347	0.012633817	0.010851704	0.009286137	0.005801893	0.006857852	0.018041322	0	0	0.038536328	0	0
Purine metabolism	0.029994535	0.019328709	0.016870409	0.011772284	0.021965388	0.026116571	0.021449617	0.020441019	0.014325626	0.02324516	0.034809035	0.024328286	0.022839031	0.018030078	0.025048747	0.033894362	0.026479893	0.019779087	0.030243269	0.017241915	0.029978335	0.014506413	0.017388277	0.018343913	0.017698574	0.027790243	0.018885229	0.017101396	0.02248691	0.030510408	0.020395569	0.017884683	0.014525547	0.015461003	0.034844085	0.014194909	0.02889346	0.016590944	0.018382254	0.022653774	0.020737026	0.018682661	0.02582416	0.023478759	0.017664302	0.016015718	0.018141357	0.019588066	0.03683672	0.014344594	0.018507312	0.011554958	0.018752954	0.022053639	0.020081429	0.020839417	0.026745062	0.017852878	0.021201853	0.026546707	0.020216434	0.017500017	0.006623363	0.035700635	0.018993443	0.018845443	0.033171924	0.0196892	0.015096533	0.012017485	0.015654991	0.019963186	0.019185595	0.017679355	0.023243404	0.029119154	0.026914091	0.019927531	0.008159988	0.022793228	0.013564895	0.019175116	0.034968916	0.032099754	0.029465338	0.019654834	0.024230598	0.019578089	0.035515724	0.029920399	0.036098325	0.02194104	0.018829697	0.020935236	0.018473187	0.024612437	0.019063382	0.017169797	0.020481573	0.024820137	0.022051482	0.013540808	0.025054491	0.010965144	0.019553111	0.024394836	0.025648589	0.016318712	0.025836148	0.028425043	0.029006557	0.041197707	0.033196679	0.02824643	0.023641273	0.028794398	0.026724914	0.030313042	0.019812028	0.016188021	0.016758189	0.036946198	0.019824299	0.012949378	0.029362975	0.013112814	0.026222562	0.019458877	0.030360424	0.033009674	0.020242719	0.01783338	0.01923845	0.012058406	0.010543318	0.025709445	0.01445129	0.016711575	0.027886642	0.013255677	0.019678774	0.023908918	0.02691117	0.02312234	0.020167143	0.015867672	0.020064003	0.027469125	0.02444574	0.029221827	0.027766972	0.016853509	0.017255438	0.018707008	0.019090526	0.022034223	0.012281752	0.015491941	0.017133196	0.024144975	0.013615253	0.015875714	0.014403246	0.015591819	0.017544993	0.016111051	0.016936429	0.012040208	0.018805462	0.022687631	0.017374097	0.02462173	0.02405493	0.011756527	0.018792764	0.025452729	0.022977775	0.026319955	0.029715338	0.024204345	0.028511088	0.021270131	0.024804724	0.019755033	0.011217785	0.013319928	0.025072645	0.013940811	0.033837253	0.024521611	0.023417782	0.026009582	0.024311333	0.014081502	0.019031455	0.031896217	0.02697108	0.043022821	0.024422555	0.016395036	0.016404545	0.022538132	0.02587854	0.018915016	0.035613333	0.015227987	0.021798699	0.020951621	0.024841518	0.035325811	0.012873208	0.024534326	0.017412429	0.018654625	0.009578494	0.039612435	0.013275484	0.021757702	0.019519356	0.053285968	0.023786968	0.024593712	0.026712671	0.029450497	0.052173913	0.0469832	0.054742444	0.026789005	0.04636009	0.020729281	0.055846113	0.027324647	0.021073232	0.079081152	0.020414427	0.017995028	0.028353034	0.023534099	0.035858405	0.024982111	0.105355575	0.056285178	0.065488565	0.061205628	0.019274575	0.028777169	0.029689469	0.0292996	0.022286728	0.013054259	0.024818893	0.036082643	0.027267801	0.093023256	0.064227213	0.053682084	0.027470869
Pyrimidine metabolism	0.021922916	0.006442903	0.014885655	0.017381896	0.020287476	0.022658213	0.016499705	0.01913953	0.01621769	0.026150805	0.032314576	0.01858972	0.013050875	0.012020052	0.019268267	0.020893785	0.021616239	0.012492055	0.026882906	0.016939426	0.028214904	0.014836104	0.016050717	0.019078617	0.018354076	0.015357766	0.017125736	0.00732917	0.010582075	0.031921493	0.017021638	0.016329493	0.015130778	0.010980826	0.025754324	0.014374591	0.01444673	0.015314718	0.015644471	0.019279808	0.012198251	0.015568884	0.020702913	0.018658617	0.016736725	0.008980777	0.00465163	0.005540059	0.0235128	0.013755091	0.004270918	0.012036415	0.014475964	0.012602079	0.029433773	0.019536954	0.020801715	0.018514096	0.025202203	0.020155833	0.029631653	0.012727285	0.011590885	0	0.010407366	0.015704536	0.018955385	0.016717245	0.00670957	0.009632335	0.00973928	0.011743051	0.020741184	0.015960529	0	0.019617114	0.016821307	0.022403376	0.008159988	0.013320717	0.012918948	0.00927294	0.02368862	0.017692778	0.033001179	0.020008975	0.023431787	0.011349617	0.023529167	0.014361791	0.0160437	0.02194104	0.015940484	0.018472267	0.014466954	0.017228706	0.024720039	0.021946357	0.011378652	0.017374096	0.013056798	0.015624009	0.020314452	0.01370643	0.019349433	0.026233288	0.03000401	0.013239167	0.00552223	0.01401783	0.012891803	0.038649395	0.032545764	0.016738625	0.013705086	0.015836919	0.022675685	0.009068004	0.016185318	0.016383058	0.012114353	0.0167591	0.018483721	0.017004234	0.027898534	0.011374971	0.021582356	0.018267517	0.022558304	0.022635205	0.013273914	0.020764895	0.011640071	0.012919721	0.012886277	0.020705594	0.012269963	0.023704362	0.023346956	0.011498901	0.017111977	0.026565465	0.022149111	0.024431152	0.019851326	0.014226188	0.020064003	0.01831275	0.020308768	0.020779966	0.015456764	0.010083296	0.017255438	0.011512005	0.022233946	0.010369046	0.014886972	0.008646665	0.015664636	0.01715564	0.007261468	0.012922093	0.01299541	0.015689881	0.015339884	0.014536287	0.015463696	0.013892548	0.017170204	0.019250111	0.024163974	0.007575917	0.00801831	0.014695659	0	0.022624648	0.013786665	0.023395516	0.023614838	0.025933227	0.017905514	0	0.022048644	0.022870759	0.016125565	0.012333267	0.016411186	0.018587747	0.032721739	0.029404548	0.020815806	0.024640657	0.021880199	0.012673352	0.010380794	0.020413579	0.026442235	0.029928919	0.019917423	0.01391094	0.013919008	0.015260193	0.007667715	0.015395943	0.02015849	0.004845269	0.015208395	0	0.017389063	0.032970757	0.01432251	0.0201652	0.015563529	0.010363681	0.018757885	0	0.015275899	0.020539714	0.021969838	0.053285968	0.022308943	0.029532821	0.012465913	0.058900994	0.052173913	0.0469832	0.063866185	0.023812449	0	0.017522109	0.051857105	0.022006427	0.017812845	0.057114166	0.017255969	0.025027567	0.013231416	0.019241179	0.018388926	0.02254025	0.073748903	0.056285178	0.065488565	0.044204064	0.026712047	0.018885017	0.016845089	0.026044089	0.007428909	0.011603786	0.030479342	0.021649586	0.024602528	0.093023256	0.056519947	0	0.04807402
Serine and threonine metabolism	0.016741136	0.006442903	0.00992377	0.014116207	0.014948667	0.019676869	0.008249853	0.013014881	0.017839459	0.017641416	0.010204603	0.016407449	0.02610175	0.011485828	0.006422756	0.019733019	0.012609473	0.004996822	0.016801816	0.005081828	0.017634315	0.010440221	0.005350239	0.004977031	0.005005657	0.023036649	0.007507172	0.019666606	0.018518632	0.010841262	0.013830081	0	0.008646159	0.010541593	0	0.011859038	0.01444673	0.01106063	0.005214824	0.014138526	0.012198251	0.01297407	0.01895951	0.009329308	0.004839535	0.01137565	0.00930326	0.005540059	0	0.014541096	0.011389115	0.00842549	0.005263987	0.012602079	0.011393719	0.015195408	0.019613046	0.005049299	0.017001486	0.005899268	0.011470317	0.010606071	0.012142832	0.019040338	0.005203683	0.01046969	0	0.013002302	0.012580444	0.015946866	0.023266058	0.011743051	0.013703997	0.01227733	0.00910762	0.016201634	0.021026634	0.016757242	0.014279978	0.013320717	0.011304079	0.020864116	0.007896207	0	0	0.014873928	0.014911137	0.00662061	0.006659198	0.014361791	0.012032775	0.013355416	0.012951643	0.014367319	0.014096006	0.017228706	0.012471371	0.012048981	0.011378652	0.017374096	0.005803021	0	0.013542968	0.00913762	0.036662084	0.018561289	0.016453812	0.022161214	0.013805575	0.007008915	0.016114754	0.013378637	0.015621967	0.012553969	0.010278814	0.0071986	0.017006763	0	0.018882871	0.005461019	0.005653365	0.019044432	0	0.013734189	0.011678456	0.014534685	0.00971206	0.011119358	0.010685512	0.015090137	0.010619131	0.008550251	0.026405716	0.007382697	0.014936367	0.010352797	0.016359951	0.020543781	0.017510217	0.01469304	0.011407985	0.015939279	0.0099671	0.01526947	0.028874656	0.018384613	0.015764574	0.021364875	0.023693563	0.016234348	0.015456764	0.005041648	0.016022907	0.005756003	0.013033692	0.012961307	0.017970702	0.016212496	0.01435925	0.015249458	0.01488601	0.008614729	0.008663607	0.012327763	0.015339884	0.019381716	0.020618261	0.015281803	0.011446803	0	0.005991068	0.007575917	0.00801831	0.018777786	0	0.015083099	0.017233331	0.015597011	0.015743226	0.012966614	0.023414903	0.011394713	0.014699096	0.016904474	0.015891861	0.005285686	0.010940791	0.013476117	0	0.009623306	0.017346505	0	0	0.009293791	0	0.021264145	0.017134568	0	0.01460611	0.00463698	0.004639669	0.007043166	0.015335431	0.012829953	0.023518239	0.013324489	0.012673662	0.010243015	0.014490885	0.009891227	0.011082894	0	0	0.010363681	0.020753405	0.010706064	0.010002077	0	0.016477378	0	0.008621814	0.01782153	0.017660044	0	0	0	0	0.015874966	0	0.011863928	0	0.011003214	0.01206078	0	0.011683729	0.006205182	0.018744506	0	0.009194463	0.018783542	0	0	0	0	0.009427781	0.020983353	0.008422544	0.017362726	0.012381516	0.020306625	0.006857852	0.014433057	0	0	0	0.01437913	0
Sterol biosynthesis	0	0	0.00992377	0	0	0	0	0	0	0	0	0	0	0	0	0	0	0	0	0	0	0	0	0.004977031	0	0	0	0.003664585	0	0	0	0.005443164	0	0	0	0	0	0	0	0	0.006099125	0	0	0.006219539	0	0	0	0	0	0	0	0	0	0	0	0	0	0	0	0	0	0	0.006623363	0	0	0	0	0.005572415	0	0	0.006492853	0.005871525	0	0	0	0	0	0	0	0	0	0	0	0	0	0	0	0	0	0	0	0	0	0	0	0	0	0	0	0	0	0	0	0	0.006110347	0	0.005807228	0.004029312	0	0	0	0	0	0	0	0	0	0	0	0	0	0.007617773	0	0	0	0	0.006474707	0	0.007123675	0	0	0	0.013580082	0	0	0	0	0	0	0	0	0	0.006644733	0	0.005413998	0	0	0.00610425	0	0	0	0	0	0	0.004600127	0	0	0	0	0	0	0.008614729	0.008663607	0	0	0	0	0	0	0	0	0	0	0	0.006264255	0	0	0	0	0	0	0	0	0	0	0	0.005470395	0	0	0	0	0	0	0	0.010380794	0	0	0	0.006639141	0	0	0	0	0	0	0	0	0	0	0	0.003410121	0	0.004914799	0.00518184	0	0	0.003637119	0	0	0	0	0	0	0	0	0	0	0	0	0.010951318	0	0	0.011133028	0	0.01078498	0	0	0.006157177	0	0	0	0	0	0	0	0	0	0	0	0	0	0	0	0	0	0	0
Sulfur metabolism	0	0	0.007442828	0	0	0	0	0	0	0	0	0	0	0.004006684	0	0	0	0.004164018	0	0.005081828	0	0	0.006420287	0.004977031	0.005005657	0	0.004691982	0.009527921	0	0	0	0	0.003458464	0.003513864	0	0	0	0.006381132	0	0.006426603	0.006099125	0.012455107	0	0.006219539	0	0.020655786	0.00465163	0	0	0.003930026	0.008541836	0	0	0.023103812	0	0.009768477	0.008915021	0.005049299	0	0	0	0.006363642	0.009935045	0	0.005203683	0.012563628	0	0.005572415	0	0.003210778	0.003246427	0.005871525	0.005185296	0.011786237	0	0.006130348	0	0.006340578	0	0.006660359	0	0.00618196	0	0	0.009428908	0	0	0.007093511	0	0	0	0	0	0.009236133	0	0	0	0	0.005689326	0	0	0	0	0	0.006110347	0.007424515	0	0	0	0	0.006445902	0	0	0	0	0	0	0	0.005395106	0	0	0.011426659	0	0.003924054	0	0	0.006474707	0	0.007123675	0	0.004424638	0	0	0	0	0	0	0	0	0	0	0	0.006644733	0.006107788	0.005413998	0.004377289	0	0.00610425	0.006769589	0.006493739	0	0.015124944	0	0	0	0	0	0	0	0	0	0.008614729	0.005414754	0	0.003834971	0	0.005154565	0	0.005723401	0	0	0.007575917	0.00801831	0	0	0	0.006893333	0	0	0	0.008264083	0	0	0.005966285	0	0	0.005470395	0	0	0	0	0	0	0	0.005190397	0	0.006346136	0	0	0.00463698	0.004639669	0.007043166	0.007667715	0	0	0	0	0	0	0.008242689	0.003410121	0	0.004914799	0.00518184	0	0	0.003637119	0	0.005069963	0	0	0	0	0	0	0	0	0	0	0.005475659	0	0	0.005566514	0	0.00539249	0	0	0	0	0	0	0	0	0	0	0	0	0	0	0.005801893	0	0	0	0	0	0.01437913	0
Terpenoid backbone biosynthesis	0.016741136	0.025771612	0.004961885	0.01790862	0.006406571	0.021465675	0.036770772	0.022967437	0.017118673	0.024905529	0.020409206	0.011315482	0.019576313	0.008013368	0.025691023	0.042782511	0.036129999	0.017697078	0.013441453	0.010889631	0.014107452	0.018133016	0.010700478	0.009954061	0.010726408	0.030715532	0.009383965	0.00732917	0.015873113	0.014455016	0.021277047	0.027215821	0.01959796	0.007027729	0.010604722	0.020364004	0.01444673	0.010209812	0.010429648	0.012853205	0.012198251	0.010379256	0.03268881	0.024878155	0.00967907	0.005131872	0.00930326	0.005540059	0.01724272	0.007860052	0.008541836	0.022568278	0.011843971	0.00630104	0.011393719	0.013024636	0.035660083	0.010819926	0.024752163	0.011798536	0.011470317	0.008484857	0.006623363	0.023800423	0.010407366	0.01046969	0.018955385	0.01114483	0.005032178	0.018622514	0.016096866	0.011743051	0.020741184	0.009821864	0.011384524	0.024521393	0.033642614	0.025362312	0.012822838	0.026641435	0.018301843	0.013909411	0.009870258	0.008846389	0.009428908	0.008499388	0.029822275	0.011349617	0.015221025	0.014361791	0.02406555	0.026710831	0.019925605	0.012314845	0.014244385	0.011485804	0.010689747	0.010327698	0.011378652	0.011582731	0.011606043	0.024738014	0.031035969	0.029240385	0.006110347	0.041453544	0.029036138	0.004029312	0.02761115	0.007008915	0.035130163	0.035676364	0.015621967	0.03347725	0.042257347	0.0071986	0.030234246	0.036272017	0.016185318	0.02121996	0.021967361	0.022853319	0.028436494	0.011772162	0.034062163	0.019969393	0.025898827	0.011119358	0.0284947	0.046348277	0.014380074	0.014657573	0.004526694	0.018948923	0.015463533	0.027607458	0.021881435	0.026548886	0.031129275	0.020186959	0.011407985	0.015939279	0.026578933	0.034101816	0.006960855	0.008754577	0.029236119	0.00610425	0.020308768	0.035390879	0.025761273	0.012244002	0.026951351	0.017268008	0.029134136	0.005184523	0.015950328	0.023129828	0.024019109	0.011437093	0.016943425	0.008614729	0.008663607	0.019873849	0.022370665	0.014536287	0.025772827	0.025932756	0.022893606	0.012833408	0.038442685	0.037879585	0.04009155	0.026452186	0.006264255	0.037707747	0.006893333	0.038992526	0.039358064	0.01944992	0.033056334	0	0.03674774	0.02386514	0.028979277	0.026639857	0.029175442	0.018587747	0.04164585	0.012831075	0.006938602	0.037645448	0.0145868	0.017501296	0.020761588	0.010632072	0.012692273	0.022446689	0.006639141	0.031299615	0.031317767	0.007043166	0.015335431	0.010263962	0	0.02543766	0.01013893	0.027159508	0.012420759	0.016485379	0.025860087	0.013443466	0.004914799	0.010363681	0.023946236	0.013382579	0.009092797	0.011626253	0.015209888	0.053285968	0.012932721	0.038850936	0.01869887	0.058900994	0	0.0469832	0	0.015874966	0.02649148	0.005475659	0	0.014670952	0.005566514	0.052720768	0.00539249	0.040850781	0.019847124	0.034377572	0.009194463	0.04157424	0.105355575	0.056285178	0	0.040803752	0.037711125	0.016786682	0.008422544	0.017362726	0.041601893	0.017405679	0.006857852	0.014433057	0.024602528	0.186046512	0.131512865	0	0.199163799
Type II polyketide biosynthesis	0	0	0	0	0	0	0	0	0	0	0	0	0	0	0	0	0	0	0	0	0	0	0	0	0	0	0	0	0	0	0	0	0	0	0	0	0	0	0	0	0	0	0	0	0	0	0	0	0	0	0	0	0	0	0	0	0	0	0	0	0	0	0	0	0	0	0	0	0	0	0	0	0	0	0	0	0	0	0	0	0	0	0	0	0	0	0	0	0	0	0	0	0	0	0	0	0	0	0	0	0	0	0	0	0	0	0	0	0	0	0	0	0	0	0	0	0	0	0	0	0	0	0	0	0	0	0	0	0	0	0	0	0	0	0	0	0	0	0	0	0	0	0	0	0	0	0	0	0	0	0	0	0	0	0	0	0	0	0	0	0	0	0	0	0	0	0	0	0	0	0	0	0	0	0	0	0	0	0	0	0	0	0	0	0	0	0	0	0	0	0	0	0	0	0	0	0	0	0	0	0	0	0	0	0	0	0	0	0	0	0	0	0	0	0	0	0	0	0	0	0	0	0	0	0	0	0	0	0	0	0	0	0	0	0	0	0	0	0	0	0	0	0	0	0	0	0	0	0	0	0	0	0	0	0	0	0
